{"1": {"bert": 68.4758882597088, "bert_large": 192.947956860298, "resnet50": 47.02524705, "resnet101": 72.12323494, "resnet152": 85.55221181828529, "densenet169": 97.0228857640177, "densenet201": 119.34848268516362, "vgg11": 31.807508156634867, "vgg13": 47.41803534794599, "vgg16": 56.39385820366442, "vgg19": 37.74504791945219, "gpt2": 170.901100810151, "vgg19_b16": 38.068361999467015, "vgg19_b32": 67.1590254525654, "vgg19_b64": 124.64637705124915, "resnet152_b16": 86.98961900081486, "resnet152_b32": 105.01273359404877, "resnet152_b64": 184.27665359340608, "GPT2_b4": 49.83681300072931, "bert_b4": 423.597547551617, "bert_large_b4": 114.67629339895211, "bert_large_b1": 59.86737644998357, "bert_large_b2": 70.87138975039124, "bert_large_b8": 200.25755860260688, "bert_large_b16": 360.7403802976478, "GPT2_b1": 28.171173355076462, "GPT2_b2": 29.416954901535064, "GPT2_b8": 90.77626909711398, "GPT2_b16": 169.5430807012599, "vgg19_b128": 239.99812330002896, "vgg19_b256": 483.74196164659224, "resnet152_b8": 87.97702479641885, "resnet152_b128": 344.76189709967}, "2": {"bert": 70.83210743, "bert_large": 198.199426989885, "resnet50": 49.3531892914325, "resnet101": 77.18095841817558, "resnet152": 87.88781011942774, "densenet169": 104.06517521478236, "densenet201": 124.81232207268476, "vgg11": 34.86781916581094, "vgg13": 50.63049701042473, "vgg16": 59.85898168757558, "vgg19": 40.75925946002826, "gpt2": 183.585194720071, "vgg19_b16": 40.94889980042353, "vgg19_b32": 70.19165119854733, "vgg19_b64": 127.46573715121484, "resnet152_b16": 89.00442650774494, "resnet152_b32": 109.14250659989193, "resnet152_b64": 191.29965570755303, "GPT2_b4": 55.20230469992384, "bert_b4": 508.4661436267197, "bert_large_b4": 125.6978559482377, "bert_large_b1": 60.554283851524815, "bert_large_b2": 82.1387684030924, "bert_large_b8": 209.2207600537222, "bert_large_b16": 370.5169081513304, "GPT2_b1": 28.03291734890081, "GPT2_b2": 34.71024684840813, "GPT2_b8": 95.33747709938325, "GPT2_b16": 174.1540051996708, "vgg19_b128": 243.05724230362102, "vgg19_b256": 486.5324418991804, "resnet152_b8": 88.49090815056115, "resnet152_b128": 354.09335129661486}, "4": {"bert": 71.36169721, "bert_large": 199.742421450209, "resnet50": 49.5444765035063, "resnet101": 77.49956915155053, "resnet152": 107.56475972943008, "densenet169": 103.7404453009367, "densenet201": 125.30467139557004, "vgg11": 36.52172798989341, "vgg13": 51.07291150838137, "vgg16": 60.25356541387737, "vgg19": 69.64774088934064, "gpt2": 189.776683279778, "vgg19_b32": 70.6612553447485, "resnet152_b64": 191.7078651022166, "GPT2_b4": 56.298019451787695, "bert_b4": 544.9638560414314, "bert_large_b4": 127.07757409662007, "bert_large_b1": 62.20645880093798, "bert_large_b2": 83.54813784826547, "bert_large_b8": 210.17188244732097, "bert_large_b16": 372.08314340095967, "GPT2_b1": 30.214585398789495, "GPT2_b2": 35.64077054616064, "GPT2_b8": 96.31601999863051, "GPT2_b16": 174.82927309465595, "vgg19_b16": 41.704187501454726, "vgg19_b64": 128.11244775075465, "vgg19_b128": 244.00798240094446, "vgg19_b256": 487.5923764484469, "resnet152_b8": 88.74445970286615, "resnet152_b16": 89.76894000079483, "resnet152_b32": 110.68280190229416, "resnet152_b128": 352.79108060058206}, "8": {"bert": 72.56124999, "bert_large": 200.335875, "resnet50": 49.567268174141645, "resnet101": 77.71632216870785, "resnet152": 108.51479294709861, "densenet169": 105.14416742138565, "densenet201": 124.4694369379431, "vgg11": 35.74136132374406, "vgg13": 51.41029879450798, "vgg16": 60.63768678344786, "vgg19": 70.18223443999887, "gpt2": 191.5775283, "vgg19_b32": 71.15561385289766, "resnet152_b64": 191.53362769866362, "GPT2_b4": 56.350615550763905, "bert_b4": 644.7400907985866, "bert_large_b4": 128.51233680266887, "bert_large_b1": 65.52050824975595, "bert_large_b2": 85.4205992014613, "bert_large_b8": 213.0247886001598, "bert_large_b16": 373.23232985218056, "GPT2_b1": 29.528592503629625, "GPT2_b2": 35.708580346545205, "GPT2_b8": 96.26270894659683, "GPT2_b16": 174.9542747507803, "vgg19_b16": 41.989741451106966, "vgg19_b64": 128.50983344833367, "vgg19_b128": 244.2321954993531, "vgg19_b256": 488.68763794889674, "resnet152_b8": 88.81773110479116, "resnet152_b16": 92.09143520565704, "resnet152_b32": 111.45551690133289, "resnet152_b128": 353.23613659711555}, "16": {"bert": 77.8637809900101, "bert_large": 212.53960339957, "resnet50": 51.83300569013227, "resnet101": 81.39113117009401, "resnet152": 121.3726977998158, "densenet169": 130.52039420988876, "densenet201": 157.5241203495534, "vgg11": 36.42435496964026, "vgg13": 51.86850300990045, "vgg16": 63.05627670022659, "vgg19": 72.14324650994968, "gpt2": 207.222681800194, "bert_large_b4": 130.2206775995728, "GPT2_b4": 57.25149259997124, "vgg19_b32": 71.99903879991325, "resnet152_b64": 192.98152759947698, "bert_large_b1": 67.64190920002875, "bert_large_b2": 86.41927969983954, "bert_large_b8": 213.41981980003766, "bert_large_b16": 374.2740886998945, "GPT2_b1": 31.15148919969215, "GPT2_b2": 38.03049550042488, "GPT2_b8": 98.58814070030348, "GPT2_b16": 176.42964919941733, "vgg19_b16": 43.31884650018765, "vgg19_b64": 129.04222849974758, "vgg19_b128": 244.1952699002286, "vgg19_b256": 489.1563185999985, "resnet152_b8": 94.34013959980803, "resnet152_b16": 94.6506665997731, "resnet152_b32": 113.87307900004089, "resnet152_b128": 353.55880440001783}, "32": {"bert": 79.0739762305747, "bert_large": 214.286355869844, "resnet50": 51.83300569013227, "resnet101": 81.39113117009401, "resnet152": 121.3726977998158, "densenet169": 130.52039420988876, "densenet201": 157.5241203495534, "vgg11": 36.42435496964026, "vgg13": 51.86850300990045, "vgg16": 63.05627670022659, "vgg19": 72.14324650994968, "gpt2": 215.80116846977, "resnet152_b64": 193.19522049991065, "bert_large_b4": 131.2200688997109, "GPT2_b4": 58.1897662999836, "vgg19_b32": 71.90788150001026, "bert_large_b1": 68.38207200016768, "bert_large_b2": 87.68048679994536, "bert_large_b8": 215.78400709986454, "bert_large_b16": 376.6219684002863, "GPT2_b1": 31.041804000051343, "GPT2_b2": 38.64996840020467, "GPT2_b8": 98.74955029990815, "GPT2_b16": 176.9482256997435, "vgg19_b16": 43.26018799984013, "vgg19_b64": 129.22212650009897, "vgg19_b128": 244.4023058997118, "vgg19_b256": 489.2395390001184, "resnet152_b8": 90.75874230002228, "resnet152_b16": 93.14747249991342, "resnet152_b32": 112.76587600004859, "resnet152_b128": 354.7114901997702}, "64": {"bert": 86.8731458301772, "bert_large": 226.714514420018, "resnet50": 118.974222, "resnet101": 196.882924, "resnet152": 141.37219569995, "gpt2": 250.467096979991, "bert_large_b4": 133.37850560019433, "GPT2_b4": 59.78852179978276, "vgg19_b32": 72.83730239978468, "resnet152_b64": 195.16376100000343, "bert_large_b1": 76.92333900013182, "bert_large_b2": 95.53740350020234, "bert_large_b8": 217.76310300010664, "bert_large_b16": 378.6236794992874, "GPT2_b1": 32.20323390014528, "GPT2_b2": 40.27924799993343, "GPT2_b8": 100.25038650019269, "GPT2_b16": 178.5868668997864, "vgg19_b16": 44.073355900036404, "vgg19_b64": 129.94700509952963, "vgg19_b128": 244.694971699937, "vgg19_b256": 490.0173822999932, "resnet152_b8": 94.7826534997148, "resnet152_b16": 93.35865899993223, "resnet152_b32": 115.05557779964874, "resnet152_b128": 355.66792499994335}, "128": {"bert_large_b4": 136.30220730010478, "GPT2_b4": 61.62668039978598, "vgg19_b32": 72.88815140018414, "resnet152_b64": 196.15736179985106, "bert_large_b1": 81.74907760003407, "bert_large_b2": 100.90000050004164, "bert_large_b8": 219.74522240016086, "bert_large_b16": 381.13750550000987, "GPT2_b1": 34.880747699935455, "GPT2_b2": 42.432889599876944, "GPT2_b8": 102.77787570012151, "GPT2_b16": 180.58103089970245, "vgg19_b16": 44.60354769980768, "vgg19_b64": 130.297117200098, "vgg19_b128": 245.21704969993152, "vgg19_b256": 490.55916460019944, "resnet152_b8": 92.9300906998833, "resnet152_b16": 93.94593210017774, "resnet152_b32": 116.65399049961707, "resnet152_b128": 356.74545069996384}}