{"1": {"bert": 68.4758882597088, "bert_large": 192.947956860298, "resnet50": 47.02524705, "resnet101": 72.12323494, "resnet152": 85.55221181828529, "densenet169": 97.0228857640177, "densenet201": 119.34848268516362, "vgg11": 31.807508156634867, "vgg13": 47.41803534794599, "vgg16": 56.39385820366442, "vgg19": 37.74504791945219, "gpt2": 170.901100810151, "vgg19_b16": 38.068361999467015, "vgg19_b32": 67.1590254525654, "vgg19_b64": 124.64637705124915, "resnet152_b16": 86.98961900081486, "resnet152_b32": 105.01273359404877, "resnet152_b64": 184.27665359340608, "GPT2_b4": 49.83681300072931, "bert_b4": 423.597547551617, "bert_large_b4": 114.67629339895211, "bert_large_b1": 59.86737644998357, "bert_large_b2": 70.87138975039124, "bert_large_b8": 200.25755860260688, "bert_large_b16": 360.7403802976478, "GPT2_b1": 28.171173355076462, "GPT2_b2": 29.416954901535064, "GPT2_b8": 90.77626909711398, "GPT2_b16": 169.5430807012599, "vgg19_b128": 239.99812330002896, "vgg19_b256": 483.74196164659224, "resnet152_b8": 87.97702479641885, "resnet152_b128": 344.76189709967}, "2": {"bert": 70.83210743, "bert_large": 198.199426989885, "resnet50": 49.3531892914325, "resnet101": 77.18095841817558, "resnet152": 87.88781011942774, "densenet169": 104.06517521478236, "densenet201": 124.81232207268476, "vgg11": 34.86781916581094, "vgg13": 50.63049701042473, "vgg16": 59.85898168757558, "vgg19": 40.75925946002826, "gpt2": 183.585194720071, "vgg19_b16": 40.94889980042353, "vgg19_b32": 70.19165119854733, "vgg19_b64": 127.46573715121484, "resnet152_b16": 89.00442650774494, "resnet152_b32": 109.14250659989193, "resnet152_b64": 191.29965570755303, "GPT2_b4": 55.20230469992384, "bert_b4": 508.4661436267197, "bert_large_b4": 125.6978559482377, "bert_large_b1": 60.554283851524815, "bert_large_b2": 82.1387684030924, "bert_large_b8": 209.2207600537222, "bert_large_b16": 370.5169081513304, "GPT2_b1": 28.03291734890081, "GPT2_b2": 34.71024684840813, "GPT2_b8": 95.33747709938325, "GPT2_b16": 174.1540051996708, "vgg19_b128": 243.05724230362102, "vgg19_b256": 486.5324418991804, "resnet152_b8": 88.49090815056115, "resnet152_b128": 354.09335129661486}, "4": {"bert": 71.36169721, "bert_large": 199.742421450209, "resnet50": 49.5444765035063, "resnet101": 77.49956915155053, "resnet152": 107.56475972943008, "densenet169": 103.7404453009367, "densenet201": 125.30467139557004, "vgg11": 36.52172798989341, "vgg13": 51.07291150838137, "vgg16": 60.25356541387737, "vgg19": 69.64774088934064, "gpt2": 189.776683279778, "vgg19_b32": 70.6612553447485, "resnet152_b64": 191.7078651022166, "GPT2_b4": 56.298019451787695, "bert_b4": 544.9638560414314, "bert_large_b4": 127.07757409662007, "bert_large_b1": 62.20645880093798, "bert_large_b2": 83.54813784826547, "bert_large_b8": 210.17188244732097, "bert_large_b16": 372.08314340095967, "GPT2_b1": 30.214585398789495, "GPT2_b2": 35.64077054616064, "GPT2_b8": 96.31601999863051, "GPT2_b16": 174.82927309465595, "vgg19_b16": 41.704187501454726, "vgg19_b64": 128.11244775075465, "vgg19_b128": 244.00798240094446, "vgg19_b256": 487.5923764484469, "resnet152_b8": 88.74445970286615, "resnet152_b16": 89.76894000079483, "resnet152_b32": 110.68280190229416, "resnet152_b128": 352.79108060058206}, "8": {"bert": 72.56124999, "bert_large": 200.335875, "resnet50": 49.567268174141645, "resnet101": 77.71632216870785, "resnet152": 108.51479294709861, "densenet169": 105.14416742138565, "densenet201": 124.4694369379431, "vgg11": 35.74136132374406, "vgg13": 51.41029879450798, "vgg16": 60.63768678344786, "vgg19": 70.18223443999887, "gpt2": 191.5775283, "vgg19_b32": 71.15561385289766, "resnet152_b64": 191.53362769866362, "GPT2_b4": 56.350615550763905, "bert_b4": 644.7400907985866, "bert_large_b4": 128.51233680266887, "bert_large_b1": 65.52050824975595, "bert_large_b2": 85.4205992014613, "bert_large_b8": 213.0247886001598, "bert_large_b16": 373.23232985218056, "GPT2_b1": 29.528592503629625, "GPT2_b2": 35.708580346545205, "GPT2_b8": 96.26270894659683, "GPT2_b16": 174.9542747507803, "vgg19_b16": 41.989741451106966, "vgg19_b64": 128.50983344833367, "vgg19_b128": 244.2321954993531, "vgg19_b256": 488.68763794889674, "resnet152_b8": 88.81773110479116, "resnet152_b16": 92.09143520565704, "resnet152_b32": 111.45551690133289, "resnet152_b128": 353.23613659711555}, "16": {"bert": 77.8637809900101, "bert_large": 212.53960339957, "resnet50": 51.83300569013227, "resnet101": 81.39113117009401, "resnet152": 121.3726977998158, "densenet169": 130.52039420988876, "densenet201": 157.5241203495534, "vgg11": 36.42435496964026, "vgg13": 51.86850300990045, "vgg16": 63.05627670022659, "vgg19": 72.14324650994968, "gpt2": 207.222681800194, "bert_large_b4": 246.00219580024714, "GPT2_b4": 99.57547230001182, "vgg19_b32": 90.52076590014622, "resnet152_b64": 212.46085860038875, "bert_large_b1": 211.02274279983249, "bert_large_b2": 217.6088901993353, "bert_large_b8": 312.8619623000077, "bert_large_b16": 455.9369958999923, "GPT2_b1": 76.76154320070054, "GPT2_b2": 82.82545799997933, "GPT2_b8": 129.96191200072644, "GPT2_b16": 201.94955430051778, "vgg19_b16": 63.889015700033276, "vgg19_b64": 144.78417230002378, "vgg19_b128": 258.48635000002105, "vgg19_b256": 502.2613116001594, "resnet152_b8": 98.19931929996528, "resnet152_b16": 110.15485980001358, "resnet152_b32": 137.0324242991046, "resnet152_b128": 368.52747020020615}, "32": {"bert": 79.0739762305747, "bert_large": 214.286355869844, "resnet50": 51.83300569013227, "resnet101": 81.39113117009401, "resnet152": 121.3726977998158, "densenet169": 130.52039420988876, "densenet201": 157.5241203495534, "vgg11": 36.42435496964026, "vgg13": 51.86850300990045, "vgg16": 63.05627670022659, "vgg19": 72.14324650994968, "gpt2": 215.80116846977, "resnet152_b64": 213.92102039972087, "bert_large_b4": 259.7836657994776, "GPT2_b4": 108.2086344002164, "vgg19_b32": 117.60173000075156, "bert_large_b1": 230.05393690109486, "bert_large_b2": 234.73142570001073, "bert_large_b8": 312.42426759999944, "bert_large_b16": 452.4764804998995, "GPT2_b1": 90.50129109964473, "GPT2_b2": 94.59007500117877, "GPT2_b8": 142.72151189943543, "GPT2_b16": 213.10796920006396, "vgg19_b16": 101.89404039992951, "vgg19_b64": 172.25369710067753, "vgg19_b128": 284.62348299945006, "vgg19_b256": 525.879300700035, "resnet152_b8": 102.78204670030391, "resnet152_b16": 111.91845910070697, "resnet152_b32": 135.2755061001517, "resnet152_b128": 369.0806013008114}, "64": {"bert": 86.8731458301772, "bert_large": 226.714514420018, "resnet50": 118.974222, "resnet101": 196.882924, "resnet152": 141.37219569995, "gpt2": 250.467096979991, "bert_large_b4": 261.39700099884067, "GPT2_b4": 101.63599460001933, "vgg19_b32": 112.56022130110068, "resnet152_b64": 207.776916900184, "bert_large_b1": 231.68216459889663, "bert_large_b2": 239.48315440065926, "bert_large_b8": 306.0297748990706, "bert_large_b16": 446.0757710010512, "GPT2_b1": 84.56949570099823, "GPT2_b2": 87.77858469984494, "GPT2_b8": 136.23283509950852, "GPT2_b16": 209.25801950070309, "vgg19_b16": 99.31670640071388, "vgg19_b64": 164.1685854003299, "vgg19_b128": 277.84116310067475, "vgg19_b256": 520.5238056005328, "resnet152_b8": 92.96556150075048, "resnet152_b16": 105.13755179999862, "resnet152_b32": 130.51887360052206, "resnet152_b128": 365.53431570064276}, "128": {"bert_large_b4": 287.32479190000504, "GPT2_b4": 112.18677509896224, "vgg19_b32": 120.57193080108846, "resnet152_b64": 220.27849320002133, "bert_large_b1": 248.82494329940528, "bert_large_b2": 260.0447990000248, "bert_large_b8": 329.5620857999893, "bert_large_b16": 470.7511244996567, "GPT2_b1": 94.20822579995729, "GPT2_b2": 96.74976819951553, "GPT2_b8": 147.12040010053897, "GPT2_b16": 216.2940245005302, "vgg19_b16": 108.66409440059215, "vgg19_b64": 169.25213540089317, "vgg19_b128": 281.65958669997053, "vgg19_b256": 521.42897159938, "resnet152_b8": 102.4700900001335, "resnet152_b16": 117.1599925000919, "resnet152_b32": 142.6455305001582, "resnet152_b128": 374.25099380002393}}