{
    "x": 0,
    "features_0": 1.3779012791328116e-12,
    "features_1": 5.430097293850338e-13,
    "features_2": 8.011673713771011e-13,
    "features_3": 8.741593057325516e-13,
    "features_4": 6.595774618210587e-14,
    "features_5": 4.3580552999071103e-10,
    "features_6": 6.068078533410809e-13,
    "features_7": 1.15227909971291e-09,
    "features_8": 2.496208939691772e-13,
    "features_9": 1.5483834253280335e-13,
    "features_10": 1.0249086611243935e-10,
    "features_11": 1.491052094347665e-13,
    "features_12": 2.3658239371497583e-09,
    "features_13": 5.584724396530491e-13,
    "features_14": 7.523962467646167e-10,
    "features_15": 1.4863013917494267e-13,
    "features_16": 6.348245991649725e-10,
    "features_17": 7.445468002439774e-14,
    "features_18": 1.0826552631834628e-13,
    "features_19": 3.6782855623350236e-10,
    "features_20": 1.4970278074360847e-13,
    "features_21": 6.806106951042412e-10,
    "features_22": 1.5716697862318098e-13,
    "features_23": 6.785705814788435e-10,
    "features_24": 1.2725287628647351e-13,
    "features_25": 1.9595516208335913e-10,
    "features_26": 1.595281325387967e-13,
    "features_27": 2.1286212348965367e-14,
    "features_28": 2.0833427802455404e-11,
    "features_29": 1.3797371529794197e-14,
    "features_30": 1.0174819184974791e-11,
    "features_31": 3.7284214805160045e-14,
    "features_32": 4.2102779292466087e-13,
    "features_33": 1.192636245837819e-14,
    "features_34": 1.9270508137890324e-11,
    "features_35": 2.3361239348150197e-14,
    "features_36": 2.5589496884317887e-14,
    "avgpool": 7.516272809227411e-14,
    "flatten": 1.0070545146487891e-14,
    "classifier_0": 4.710411824590705e-13,
    "classifier_1": 8.519405742934277e-14,
    "classifier_2": 1.3239765167451929e-12,
    "classifier_3": 2.654629272479114e-13,
    "classifier_4": 1.3862303998917955e-12,
    "classifier_5": 2.9584787527778264e-14,
    "classifier_6": 1.2295340813463662e-12,
    "output": 1.2879653479803618e-14,
    "AddmmBackward00": 5.897488350805907e-13,
    "AccumulateGrad0": 1.212159658672135e-15,
    "TBackward00": 8.29897484283873e-15,
    "AccumulateGrad1": 5.082224165163865e-15,
    "FusedDropoutBackward00": 8.35487927485553e-14,
    "ReluBackward00": 2.2426608638735636e-14,
    "AddmmBackward01": 3.254972494066022e-13,
    "AccumulateGrad2": 1.3290994363033756e-14,
    "TBackward01": 5.2254313614823185e-15,
    "AccumulateGrad3": 1.286733787011704e-13,
    "FusedDropoutBackward01": 3.0146726234065935e-14,
    "ReluBackward01": 1.1667079601691485e-14,
    "AddmmBackward02": 3.6520978507537973e-13,
    "AccumulateGrad4": 7.324623302632992e-15,
    "TBackward02": 3.906402463874428e-15,
    "AccumulateGrad5": 2.4854253442667397e-13,
    "ReshapeAliasBackward00": 1.3003936225356935e-14,
    "AdaptiveAvgPool2DBackward00": 1.9292441776064264e-14,
    "MaxPool2DWithIndicesBackward00": 1.170704939240652e-14,
    "ReluBackward02": 1.2650693345531496e-14,
    "AddBackward00": 5.726492603675901e-15,
    "ReshapeAliasBackward01": 5.1726655998871745e-15,
    "AccumulateGrad6": 1.2476907874383292e-12,
    "CudnnConvolutionBackward00": 1.4358612850139465e-13,
    "AccumulateGrad7": 8.21543264732487e-15,
    "ReluBackward03": 8.693313031785978e-14,
    "AddBackward01": 6.123586284313004e-15,
    "ReshapeAliasBackward02": 3.850777715360548e-15,
    "AccumulateGrad8": 1.2592083219230623e-14,
    "CudnnConvolutionBackward01": 4.5149110470231464e-14,
    "AccumulateGrad9": 1.3246323607224094e-14,
    "ReluBackward04": 7.027112534441563e-15,
    "AddBackward02": 5.443217138958664e-15,
    "ReshapeAliasBackward03": 7.400796907816934e-15,
    "AccumulateGrad10": 2.5204274756683578e-14,
    "CudnnConvolutionBackward02": 2.1113219286490562e-13,
    "AccumulateGrad11": 8.34975120186758e-15,
    "ReluBackward05": 1.7574184105586046e-14,
    "AddBackward03": 5.049883498560794e-15,
    "ReshapeAliasBackward04": 5.0728043456387674e-15,
    "AccumulateGrad12": 6.736526516736701e-14,
    "CudnnConvolutionBackward03": 3.252673019707268e-14,
    "AccumulateGrad13": 1.2333871933761093e-14,
    "MaxPool2DWithIndicesBackward01": 1.8122343279887777e-14,
    "ReluBackward06": 1.8137705644046336e-13,
    "AddBackward04": 9.621407728692411e-15,
    "ReshapeAliasBackward05": 9.197334002253659e-15,
    "AccumulateGrad14": 2.5722212066477817e-13,
    "CudnnConvolutionBackward04": 1.328363318737818e-10,
    "AccumulateGrad15": 2.2265229156909205e-14,
    "ReluBackward07": 1.1528268771998814e-13,
    "AddBackward05": 4.519031009857579e-15,
    "ReshapeAliasBackward06": 1.2175636069028729e-14,
    "AccumulateGrad16": 1.0289136404863232e-14,
    "CudnnConvolutionBackward05": 1.3335088872820947e-09,
    "AccumulateGrad17": 1.1032532661959041e-14,
    "ReluBackward08": 4.7756879912241525e-14,
    "AddBackward06": 8.683734422721204e-15,
    "ReshapeAliasBackward07": 5.517025313157842e-15,
    "AccumulateGrad18": 8.430380246432674e-14,
    "CudnnConvolutionBackward06": 5.94145264809189e-10,
    "AccumulateGrad19": 8.065303760680479e-14,
    "ReluBackward09": 1.7544186096301108e-13,
    "AddBackward07": 9.78888647115532e-15,
    "ReshapeAliasBackward08": 3.986785592413264e-15,
    "AccumulateGrad20": 6.773308178437479e-15,
    "CudnnConvolutionBackward07": 2.53968690508557e-10,
    "AccumulateGrad21": 4.2107298721459457e-13,
    "MaxPool2DWithIndicesBackward02": 2.455122088669635e-11,
    "ReluBackward010": 1.0351606353239777e-13,
    "AddBackward08": 6.519564158284294e-15,
    "ReshapeAliasBackward09": 8.30549995152561e-13,
    "AccumulateGrad22": 8.791767010588036e-15,
    "CudnnConvolutionBackward08": 1.861687478710381e-12,
    "AccumulateGrad23": 1.132088848121611e-14,
    "ReluBackward011": 4.687389628462053e-14,
    "AddBackward09": 5.679451104290828e-15,
    "ReshapeAliasBackward010": 3.66886574831686e-15,
    "AccumulateGrad24": 2.0254953530390863e-14,
    "CudnnConvolutionBackward09": 4.271204859370597e-09,
    "AccumulateGrad25": 3.0630838387642537e-14,
    "ReluBackward012": 4.7818257735638205e-14,
    "AddBackward010": 9.872474392895807e-15,
    "ReshapeAliasBackward011": 7.167472805590449e-15,
    "AccumulateGrad26": 6.599372478067848e-14,
    "CudnnConvolutionBackward010": 2.626634895749999e-10,
    "AccumulateGrad27": 1.3345047397868294e-14,
    "ReluBackward013": 1.2023813626064854e-13,
    "AddBackward011": 7.044881117270612e-15,
    "ReshapeAliasBackward012": 2.3211485413853625e-14,
    "AccumulateGrad28": 1.0837835295006425e-14,
    "CudnnConvolutionBackward011": 3.606253390798109e-13,
    "AccumulateGrad29": 7.379976466634179e-14,
    "MaxPool2DWithIndicesBackward03": 9.867857136077493e-11,
    "ReluBackward014": 2.1372052058329408e-13,
    "AddBackward012": 1.1533319546792878e-14,
    "ReshapeAliasBackward013": 5.0309099144637067e-14,
    "AccumulateGrad30": 1.199759849844842e-14,
    "CudnnConvolutionBackward012": 3.09658763683455e-12,
    "AccumulateGrad31": 9.800796396783503e-14,
    "ReluBackward015": 2.9139542374097965e-13,
    "AddBackward013": 8.650815849255144e-15,
    "ReshapeAliasBackward014": 1.1813023161662967e-14,
    "AccumulateGrad32": 1.3506173366121742e-14,
    "CudnnConvolutionBackward013": 7.615006221352738e-13,
    "AccumulateGrad33": 2.4209514791094165e-14,
    "MaxPool2DWithIndicesBackward04": 2.2436466394623252e-14,
    "ReluBackward016": 3.083125357122331e-13,
    "AddBackward014": 2.8491190120051927e-14,
    "ReshapeAliasBackward015": 4.970833505013247e-15,
    "AccumulateGrad34": 2.8514028215399086e-14,
    "CudnnConvolutionBackward014": 3.897458552372174e-12,
    "AccumulateGrad35": 3.220530038396813e-14,
    "ReluBackward017": 2.830838680871819e-13,
    "AddBackward015": 2.2045061360154854e-14,
    "ReshapeAliasBackward016": 1.2594752362348959e-14,
    "AccumulateGrad36": 5.2683613033103e-14,
    "CudnnConvolutionBackward015": 5.923592919399468e-12,
    "AccumulateGrad37": 1.675202763507834e-14,
    "optimizer_zero": 1.6446784392016005e-12,
    "optimizer_step": 8.732786354128959e-13
}