{
    "x": 1.340499147772789e-07,
    "features_0": 0.0005582418502308429,
    "features_1": 0.00030358658987097444,
    "features_2": 0.0013063249189872294,
    "features_3": 0.0003036159591283649,
    "features_4": 0.00027094444958493115,
    "features_5": 0.0005157603207044303,
    "features_6": 0.0001542363699991256,
    "features_7": 0.0007873773400206118,
    "features_8": 0.0001540858799125999,
    "features_9": 0.00013672898057848215,
    "features_10": 0.00038561624009162185,
    "features_11": 7.946156081743538e-05,
    "features_12": 0.0006398610305041075,
    "features_13": 7.947166915982961e-05,
    "features_14": 0.0006428764504380524,
    "features_15": 7.94840999878943e-05,
    "features_16": 0.0006429759494494646,
    "features_17": 7.941016112454235e-05,
    "features_18": 7.212546071968973e-05,
    "features_19": 0.0003193764796014875,
    "features_20": 1.7663579201325773e-05,
    "features_21": 0.0005662627192214131,
    "features_22": 2.03865603543818e-05,
    "features_23": 0.000570775440428406,
    "features_24": 2.0397689659148455e-05,
    "features_25": 0.0005687906406819821,
    "features_26": 1.795492018572986e-05,
    "features_27": 3.876758040860295e-05,
    "features_28": 0.00017379006952978671,
    "features_29": 1.5360990073531865e-05,
    "features_30": 0.00017364641069434584,
    "features_31": 1.5344748971983792e-05,
    "features_32": 0.00017269181902520358,
    "features_33": 1.4945799484848976e-05,
    "features_34": 0.0001727476203814149,
    "features_35": 1.526259002275765e-05,
    "features_36": 2.0479230443015695e-05,
    "avgpool": 3.957077977247536e-05,
    "flatten": 2.91454023681581e-06,
    "classifier_0": 0.00032721130992285907,
    "classifier_1": 1.510679954662919e-05,
    "classifier_2": 2.271962002851069e-05,
    "classifier_3": 0.00014378083986230195,
    "classifier_4": 1.5360480174422263e-05,
    "classifier_5": 2.2616130299866198e-05,
    "classifier_6": 5.3103939862921833e-05,
    "output": 2.1440093405544758e-07,
    "AddmmBackward00": 3.4465339267626406e-05,
    "AccumulateGrad0": 6.141270278021693e-06,
    "TBackward00": 1.4438992366194725e-06,
    "AccumulateGrad1": 1.0889830300584435e-05,
    "NativeDropoutBackward00": 7.959770737215877e-06,
    "ReluBackward00": 7.955260807648301e-06,
    "AddmmBackward01": 0.00012776072951965035,
    "AccumulateGrad2": 5.775180179625749e-06,
    "TBackward01": 1.4290690887719393e-06,
    "AccumulateGrad3": 0.0001022421894595027,
    "NativeDropoutBackward01": 7.934910245239735e-06,
    "ReluBackward01": 8.051740005612373e-06,
    "AddmmBackward02": 0.000591216100146994,
    "AccumulateGrad4": 5.967440083622932e-06,
    "TBackward02": 1.4252611435949802e-06,
    "AccumulateGrad5": 0.0006035297899506986,
    "ReshapeAliasBackward00": 1.432979479432106e-06,
    "AdaptiveAvgPool2DBackward00": 3.482823027297854e-05,
    "MaxPool2DWithIndicesBackward00": 3.6178440786898136e-05,
    "ReluBackward02": 8.020970271900296e-06,
    "ConvolutionBackward00": 0.0004210271593183279,
    "AccumulateGrad6": 7.594380294904113e-06,
    "AccumulateGrad7": 5.866150604560971e-06,
    "ReluBackward03": 8.000440429896116e-06,
    "ConvolutionBackward01": 0.0004208734689746052,
    "AccumulateGrad8": 7.6280394569039345e-06,
    "AccumulateGrad9": 5.764360539615155e-06,
    "ReluBackward04": 7.966869743540883e-06,
    "ConvolutionBackward02": 0.0004210787499323487,
    "AccumulateGrad10": 7.602189434692263e-06,
    "AccumulateGrad11": 5.774879828095436e-06,
    "ReluBackward05": 7.932520238682628e-06,
    "ConvolutionBackward03": 0.0004211034008767456,
    "AccumulateGrad12": 7.593780755996704e-06,
    "AccumulateGrad13": 5.8716698549687865e-06,
    "MaxPool2DWithIndicesBackward01": 0.00012155554955825209,
    "ReluBackward06": 6.116339005529881e-05,
    "ConvolutionBackward04": 0.0012082337797619403,
    "AccumulateGrad14": 8.22635949589312e-06,
    "AccumulateGrad15": 5.90573064982891e-06,
    "ReluBackward07": 6.103445077314973e-05,
    "ConvolutionBackward05": 0.0012067108403425663,
    "AccumulateGrad16": 7.619420066475868e-06,
    "AccumulateGrad17": 5.705750081688165e-06,
    "ReluBackward08": 6.107382010668516e-05,
    "ConvolutionBackward06": 0.00120722459978424,
    "AccumulateGrad18": 7.639869581907987e-06,
    "AccumulateGrad19": 5.7512300554662946e-06,
    "ReluBackward09": 6.102874991483986e-05,
    "ConvolutionBackward07": 0.0006810202705673874,
    "AccumulateGrad20": 5.988070042803883e-06,
    "AccumulateGrad21": 5.749439587816596e-06,
    "MaxPool2DWithIndicesBackward02": 0.00023301353910937906,
    "ReluBackward010": 0.00011755888001061976,
    "ConvolutionBackward08": 0.0013193117594346405,
    "AccumulateGrad22": 5.722689675167203e-06,
    "AccumulateGrad23": 5.709059769287705e-06,
    "ReluBackward011": 0.00011754254926927388,
    "ConvolutionBackward09": 0.0013198880408890545,
    "AccumulateGrad24": 5.84570923820138e-06,
    "AccumulateGrad25": 5.650039529427886e-06,
    "ReluBackward012": 0.00011757952044717968,
    "ConvolutionBackward010": 0.001319368970580399,
    "AccumulateGrad26": 5.732610588893294e-06,
    "AccumulateGrad27": 5.747230025008321e-06,
    "ReluBackward013": 0.00011739228037185967,
    "ConvolutionBackward011": 0.0008294193295296282,
    "AccumulateGrad28": 5.750840064138174e-06,
    "AccumulateGrad29": 5.906929727643728e-06,
    "MaxPool2DWithIndicesBackward03": 0.0004590025695506483,
    "ReluBackward014": 0.00023164508980698883,
    "ConvolutionBackward012": 0.001743887149496004,
    "AccumulateGrad30": 5.706651136279106e-06,
    "AccumulateGrad31": 5.885190330445767e-06,
    "ReluBackward015": 0.00023156853974796833,
    "ConvolutionBackward013": 0.0013193350203800946,
    "AccumulateGrad32": 5.771269788965583e-06,
    "AccumulateGrad33": 5.716870073229075e-06,
    "MaxPool2DWithIndicesBackward04": 0.0009158290596678853,
    "ReluBackward016": 0.0004580563004128635,
    "ConvolutionBackward014": 0.003157609780319035,
    "AccumulateGrad34": 5.760649219155311e-06,
    "AccumulateGrad35": 5.7413207832723856e-06,
    "ReluBackward017": 0.00045806651934981345,
    "ConvolutionBackward015": 0.0005733423295896501,
    "AccumulateGrad36": 5.757450126111508e-06,
    "AccumulateGrad37": 5.724489456042647e-06,
    "optimizer_zero": 0.00046051458921283486,
    "optimizer_step": 0.0013904029899276793
}