{
    "x": 0,
    "features_0": 0.0014741425984539092,
    "features_1": 0.0006053703371435403,
    "features_2": 0.002701788139529526,
    "features_3": 0.0006050758180208504,
    "features_4": 0.0005392395588569343,
    "features_5": 0.0010119665833190083,
    "features_6": 0.00030598943820223215,
    "features_7": 0.0015864643617533147,
    "features_8": 0.0003058352810330689,
    "features_9": 0.0002703390410169959,
    "features_10": 0.0007368012773804366,
    "features_11": 0.00015653545968234538,
    "features_12": 0.0012369255791418255,
    "features_13": 0.00015637211967259646,
    "features_14": 0.0012421944993548095,
    "features_15": 0.00015627413988113405,
    "features_16": 0.0012428292399272321,
    "features_17": 0.00015639022225514055,
    "features_18": 0.00014116438338533042,
    "features_19": 0.000650178559590131,
    "features_20": 8.161068195477129e-05,
    "features_21": 0.001122342941816896,
    "features_22": 8.160832338035106e-05,
    "features_23": 0.0011079729394987226,
    "features_24": 8.181833894923329e-05,
    "features_25": 0.0011077534966170788,
    "features_26": 8.163593709468841e-05,
    "features_27": 7.41933798417449e-05,
    "features_28": 0.0003123290976509452,
    "features_29": 1.595776295289397e-05,
    "features_30": 0.0003122718003578484,
    "features_31": 1.6133517492562534e-05,
    "features_32": 0.00031292620347812773,
    "features_33": 1.6049761325120925e-05,
    "features_34": 0.0003122790390625596,
    "features_35": 1.6066774260252712e-05,
    "features_36": 2.222853945568204e-05,
    "avgpool": 7.965503958985209e-05,
    "flatten": 3.7342216819524766e-06,
    "classifier_0": 0.00034419780131429435,
    "classifier_1": 1.535122049972415e-05,
    "classifier_2": 2.4245136883109806e-05,
    "classifier_3": 7.588015869259834e-05,
    "classifier_4": 1.5337420627474785e-05,
    "classifier_5": 2.379089826717973e-05,
    "classifier_6": 5.22104394622147e-05,
    "output": 1.0185199789702893e-06,
    "AddmmBackward00": 4.034597892314196e-05,
    "AccumulateGrad0": 6.633237935602665e-06,
    "TBackward00": 2.4516019038856028e-06,
    "AccumulateGrad1": 1.578284427523613e-05,
    "FusedDropoutBackward00": 9.267781861126423e-06,
    "ReluBackward00": 9.242563974112271e-06,
    "AddmmBackward01": 0.0001474654395133257,
    "AccumulateGrad2": 6.782719865441322e-06,
    "TBackward01": 2.496461383998394e-06,
    "AccumulateGrad3": 0.00010386789683252574,
    "FusedDropoutBackward01": 9.337139781564474e-06,
    "ReluBackward01": 9.242135565727949e-06,
    "AddmmBackward02": 0.0006339831207878888,
    "AccumulateGrad4": 6.686560809612274e-06,
    "TBackward02": 2.488100435584784e-06,
    "AccumulateGrad5": 0.0006044304044917225,
    "ReshapeAliasBackward00": 2.4692388251423834e-06,
    "AdaptiveAvgPool2DBackward00": 6.495700217783451e-05,
    "MaxPool2DWithIndicesBackward00": 7.113402476534247e-05,
    "ReluBackward02": 3.1718199606984855e-05,
    "AddBackward00": 1.3513420708477496e-06,
    "ReshapeAliasBackward01": 2.40107998251915e-06,
    "AccumulateGrad6": 6.506838835775851e-06,
    "CudnnConvolutionBackward00": 0.0006752378586679697,
    "AccumulateGrad7": 1.0818701703101397e-05,
    "ReluBackward03": 3.16520594060421e-05,
    "AddBackward01": 1.3311184011399745e-06,
    "ReshapeAliasBackward02": 2.4043396115303043e-06,
    "AccumulateGrad8": 6.5769627690315255e-06,
    "CudnnConvolutionBackward01": 0.0006758267409168184,
    "AccumulateGrad9": 1.0874818544834853e-05,
    "ReluBackward04": 3.1623200047761205e-05,
    "AddBackward02": 1.3431161642074586e-06,
    "ReshapeAliasBackward03": 2.4145189672708513e-06,
    "AccumulateGrad10": 6.602599751204252e-06,
    "CudnnConvolutionBackward02": 0.0006769821210764348,
    "AccumulateGrad11": 1.0835742577910422e-05,
    "ReluBackward05": 3.264155704528093e-05,
    "AddBackward03": 1.383980270475149e-06,
    "ReshapeAliasBackward04": 2.442784607410431e-06,
    "AccumulateGrad12": 6.5288832411170015e-06,
    "CudnnConvolutionBackward03": 0.0006740796403028071,
    "AccumulateGrad13": 1.082556089386344e-05,
    "MaxPool2DWithIndicesBackward01": 0.00025057389866560696,
    "ReluBackward06": 0.00011914122151210905,
    "AddBackward04": 1.3413187116384506e-06,
    "ReshapeAliasBackward05": 2.3989006876945497e-06,
    "AccumulateGrad14": 6.542277988046408e-06,
    "CudnnConvolutionBackward04": 0.002330183077137917,
    "AccumulateGrad15": 1.0814722627401351e-05,
    "ReluBackward07": 0.00011928567895665765,
    "AddBackward05": 1.3507436960935592e-06,
    "ReshapeAliasBackward06": 2.450202591717243e-06,
    "AccumulateGrad16": 6.4857816323637965e-06,
    "CudnnConvolutionBackward05": 0.0023594424594193695,
    "AccumulateGrad17": 1.103173941373825e-05,
    "ReluBackward08": 0.0001190981431864202,
    "AddBackward06": 1.3158796355128288e-06,
    "ReshapeAliasBackward07": 2.440961543470621e-06,
    "AccumulateGrad18": 6.4957793802022925e-06,
    "CudnnConvolutionBackward06": 0.0023649782431311903,
    "AccumulateGrad19": 1.0964218527078628e-05,
    "ReluBackward09": 0.0001189047610387206,
    "AddBackward07": 1.3318774290382862e-06,
    "ReshapeAliasBackward08": 2.4012825451791287e-06,
    "AccumulateGrad20": 6.5491232089698316e-06,
    "CudnnConvolutionBackward07": 0.0012877360638231037,
    "AccumulateGrad21": 7.405902724713086e-06,
    "MaxPool2DWithIndicesBackward02": 0.0004724146565422416,
    "ReluBackward010": 0.00023293998092412948,
    "AddBackward08": 1.3108807615935804e-06,
    "ReshapeAliasBackward09": 2.3965188302099703e-06,
    "AccumulateGrad22": 6.52326038107276e-06,
    "CudnnConvolutionBackward08": 0.0024897378007881343,
    "AccumulateGrad23": 6.518659647554159e-06,
    "ReluBackward011": 0.0002344311587512493,
    "AddBackward09": 1.3371207751333714e-06,
    "ReshapeAliasBackward010": 2.4700374342501162e-06,
    "AccumulateGrad24": 6.651117000728845e-06,
    "CudnnConvolutionBackward09": 0.002521670339629054,
    "AccumulateGrad25": 6.94184098392725e-06,
    "ReluBackward012": 0.0002328229369595647,
    "AddBackward010": 1.3409159146249295e-06,
    "ReshapeAliasBackward011": 2.437781076878309e-06,
    "AccumulateGrad26": 6.56873919069767e-06,
    "CudnnConvolutionBackward010": 0.0025232857977971436,
    "AccumulateGrad27": 6.5583409741520875e-06,
    "ReluBackward013": 0.0002326500625349581,
    "AddBackward011": 1.3345200568437575e-06,
    "ReshapeAliasBackward012": 2.3947027511894703e-06,
    "AccumulateGrad28": 6.554536521434784e-06,
    "CudnnConvolutionBackward011": 0.0014820470404811204,
    "AccumulateGrad29": 6.466943304985761e-06,
    "MaxPool2DWithIndicesBackward03": 0.0009222038020379842,
    "ReluBackward014": 0.00045942042488604783,
    "AddBackward012": 1.3303407467901706e-06,
    "ReshapeAliasBackward013": 2.38148495554924e-06,
    "AccumulateGrad30": 6.5088039264082905e-06,
    "CudnnConvolutionBackward012": 0.003010426701512188,
    "AccumulateGrad31": 6.503819022327662e-06,
    "ReluBackward015": 0.0004597115609794855,
    "AddBackward013": 1.3481220230460168e-06,
    "ReshapeAliasBackward014": 2.3894989863038062e-06,
    "AccumulateGrad32": 6.540301255881786e-06,
    "CudnnConvolutionBackward013": 0.002183969218749553,
    "AccumulateGrad33": 6.777737289667129e-06,
    "MaxPool2DWithIndicesBackward04": 0.0018367655808106064,
    "ReluBackward016": 0.0009135374613106252,
    "AddBackward014": 1.32368179038167e-06,
    "ReshapeAliasBackward015": 2.3888773284852504e-06,
    "AccumulateGrad34": 6.8548810668289665e-06,
    "CudnnConvolutionBackward014": 0.0055469980393536384,
    "AccumulateGrad35": 6.586560048162937e-06,
    "ReluBackward017": 0.0009135492984205485,
    "AddBackward015": 1.3172789476811886e-06,
    "ReshapeAliasBackward016": 2.3992755450308326e-06,
    "AccumulateGrad36": 6.603619549423456e-06,
    "CudnnConvolutionBackward015": 0.0006895398790948093,
    "AccumulateGrad37": 6.516859866678715e-06,
    "optimizer_zero": 0.0005175189417786897,
    "optimizer_step": 0.0014033790375106037
}