{
    "x": 0,
    "features_0": 0.0029219544609077274,
    "features_1": 0.0012039628811180592,
    "features_2": 0.0053391587221995,
    "features_3": 0.0012031150399707258,
    "features_4": 0.0010702149569988251,
    "features_5": 0.0019933529570698738,
    "features_6": 0.000604200002271682,
    "features_7": 0.0031316234986297786,
    "features_8": 0.0006035872222855687,
    "features_9": 0.0005334903951734304,
    "features_10": 0.0014506476186215878,
    "features_11": 0.0003052878985181451,
    "features_12": 0.0024360428797081113,
    "features_13": 0.0003056537406519055,
    "features_14": 0.002438354822807014,
    "features_15": 0.000305386264808476,
    "features_16": 0.002450104937888682,
    "features_17": 0.0003055674023926258,
    "features_18": 0.00027481725905090573,
    "features_19": 0.0011781477415934206,
    "features_20": 0.00015637076226994394,
    "features_21": 0.002136125264223665,
    "features_22": 0.00015630082227289678,
    "features_23": 0.0021405782178044322,
    "features_24": 0.00015633414033800364,
    "features_25": 0.0021522992593236267,
    "features_26": 0.0001563338586129248,
    "features_27": 0.00014035304076969623,
    "features_28": 0.000599063141271472,
    "features_29": 2.4976120330393313e-05,
    "features_30": 0.0005911791161634027,
    "features_31": 2.4552722461521622e-05,
    "features_32": 0.0005873421393334866,
    "features_33": 2.442067721858621e-05,
    "features_34": 0.0005853750393725931,
    "features_35": 2.456498099491e-05,
    "features_36": 4.155487986281514e-05,
    "avgpool": 0.00015344684245064856,
    "flatten": 4.054820165038109e-06,
    "classifier_0": 0.00036018201848492026,
    "classifier_1": 1.6822800971567632e-05,
    "classifier_2": 2.5584460236132145e-05,
    "classifier_3": 9.120712056756019e-05,
    "classifier_4": 1.7120740376412866e-05,
    "classifier_5": 2.5054260622709992e-05,
    "classifier_6": 5.479614250361919e-05,
    "output": 1.0115024633705616e-06,
    "AddmmBackward00": 5.526204127818346e-05,
    "AccumulateGrad0": 7.0488615892827505e-06,
    "TBackward00": 2.6419642381370067e-06,
    "AccumulateGrad1": 1.5813102945685385e-05,
    "FusedDropoutBackward00": 9.433901868760586e-06,
    "ReluBackward00": 9.27504152059555e-06,
    "AddmmBackward01": 0.00014507311396300793,
    "AccumulateGrad2": 6.861279252916575e-06,
    "TBackward01": 2.6377616450190545e-06,
    "AccumulateGrad3": 0.00010368376038968563,
    "FusedDropoutBackward01": 9.423282463103533e-06,
    "ReluBackward01": 9.24656167626381e-06,
    "AddmmBackward02": 0.0006487266602925956,
    "AccumulateGrad4": 6.891500670462847e-06,
    "TBackward02": 2.6499805971980095e-06,
    "AccumulateGrad5": 0.0006048267195001245,
    "ReshapeAliasBackward00": 2.5898776948451993e-06,
    "AdaptiveAvgPool2DBackward00": 0.00012232579989358781,
    "MaxPool2DWithIndicesBackward00": 0.0001383697218261659,
    "ReluBackward02": 6.251448066905141e-05,
    "AddBackward00": 1.3557588681578637e-06,
    "ReshapeAliasBackward01": 2.529742196202278e-06,
    "AccumulateGrad6": 7.267254404723645e-06,
    "CudnnConvolutionBackward00": 0.0012342324596829712,
    "AccumulateGrad7": 1.0806696955114602e-05,
    "ReluBackward03": 6.243869895115496e-05,
    "AddBackward01": 1.3687810860574245e-06,
    "ReshapeAliasBackward02": 2.5534047745168207e-06,
    "AccumulateGrad8": 6.879279389977455e-06,
    "CudnnConvolutionBackward01": 0.0012352377781644464,
    "AccumulateGrad9": 1.0828538797795773e-05,
    "ReluBackward04": 6.2523044180125e-05,
    "AddBackward02": 1.3545248657464982e-06,
    "ReshapeAliasBackward03": 2.5239610113203525e-06,
    "AccumulateGrad10": 6.891179364174605e-06,
    "CudnnConvolutionBackward02": 0.0012335209408774971,
    "AccumulateGrad11": 1.083577750250697e-05,
    "ReluBackward05": 6.253505824133753e-05,
    "AddBackward03": 1.366159413009882e-06,
    "ReshapeAliasBackward04": 2.5586364790797234e-06,
    "AccumulateGrad12": 6.988339591771365e-06,
    "CudnnConvolutionBackward03": 0.0012318854569457471,
    "AccumulateGrad13": 1.0829740203917026e-05,
    "MaxPool2DWithIndicesBackward01": 0.0004924807022325695,
    "ReluBackward06": 0.00023283158428967,
    "AddBackward04": 1.3517355546355247e-06,
    "ReshapeAliasBackward05": 2.5155558250844478e-06,
    "AccumulateGrad14": 7.016200106590986e-06,
    "CudnnConvolutionBackward04": 0.0044708444015122955,
    "AccumulateGrad15": 1.0928097181022167e-05,
    "ReluBackward07": 0.0002326774806715548,
    "AddBackward05": 1.3703806325793266e-06,
    "ReshapeAliasBackward06": 2.590683288872242e-06,
    "AccumulateGrad16": 6.851679645478726e-06,
    "CudnnConvolutionBackward05": 0.00455084569985047,
    "AccumulateGrad17": 1.1199042201042176e-05,
    "ReluBackward08": 0.0002325351978652179,
    "AddBackward06": 1.374639105051756e-06,
    "ReshapeAliasBackward07": 2.5802222080528735e-06,
    "AccumulateGrad18": 7.070098072290421e-06,
    "CudnnConvolutionBackward06": 0.004547526040114462,
    "AccumulateGrad19": 1.12800020724535e-05,
    "ReluBackward09": 0.00023243600269779564,
    "AddBackward07": 1.3489369302988053e-06,
    "ReshapeAliasBackward08": 2.527758479118347e-06,
    "AccumulateGrad20": 6.938842125236988e-06,
    "CudnnConvolutionBackward07": 0.0024887727410532533,
    "AccumulateGrad21": 7.777202408760786e-06,
    "MaxPool2DWithIndicesBackward02": 0.000944945083465427,
    "ReluBackward010": 0.000459211221896112,
    "AddBackward08": 1.3483408838510513e-06,
    "ReshapeAliasBackward09": 2.8161006048321727e-06,
    "AccumulateGrad22": 6.9181993603706365e-06,
    "CudnnConvolutionBackward08": 0.0048882713192142544,
    "AccumulateGrad23": 6.908376235514879e-06,
    "ReluBackward011": 0.0004591681202873588,
    "AddBackward09": 1.3569393195211888e-06,
    "ReshapeAliasBackward010": 2.5167595595121383e-06,
    "AccumulateGrad24": 6.958243902772665e-06,
    "CudnnConvolutionBackward09": 0.004987549043726176,
    "AccumulateGrad25": 6.984679494053126e-06,
    "ReluBackward012": 0.0004588323412463069,
    "AddBackward010": 1.3677612878382205e-06,
    "ReshapeAliasBackward011": 2.560804132372141e-06,
    "AccumulateGrad26": 7.059304043650627e-06,
    "CudnnConvolutionBackward010": 0.004967784078326076,
    "AccumulateGrad27": 6.9098011590540415e-06,
    "ReluBackward013": 0.00045924948062747717,
    "AddBackward011": 1.3537192717194558e-06,
    "ReshapeAliasBackward012": 2.6079383678734303e-06,
    "AccumulateGrad28": 6.9446209818124776e-06,
    "CudnnConvolutionBackward011": 0.002836310158018023,
    "AccumulateGrad29": 6.921782623976469e-06,
    "MaxPool2DWithIndicesBackward03": 0.001849241340532899,
    "ReluBackward014": 0.0009131555608473719,
    "AddBackward012": 1.3433233834803106e-06,
    "ReshapeAliasBackward013": 2.6095006614923476e-06,
    "AccumulateGrad30": 6.909337826073169e-06,
    "CudnnConvolutionBackward012": 0.005908274380490184,
    "AccumulateGrad31": 7.062477525323629e-06,
    "ReluBackward015": 0.0009125838615000248,
    "AddBackward013": 1.3779825530946255e-06,
    "ReshapeAliasBackward014": 2.5663990527391435e-06,
    "AccumulateGrad32": 6.967040244489908e-06,
    "CudnnConvolutionBackward013": 0.004284328818321228,
    "AccumulateGrad33": 6.980334874242544e-06,
    "MaxPool2DWithIndicesBackward04": 0.0036696369433775545,
    "ReluBackward016": 0.0018192434008233247,
    "AddBackward014": 1.3796030543744565e-06,
    "ReshapeAliasBackward015": 2.5215419009327885e-06,
    "AccumulateGrad34": 6.963298656046391e-06,
    "CudnnConvolutionBackward014": 0.011020383981522172,
    "AccumulateGrad35": 6.940057501196861e-06,
    "ReluBackward017": 0.0018204439221881329,
    "AddBackward015": 1.3877986930310727e-06,
    "ReshapeAliasBackward016": 2.5257607921957973e-06,
    "AccumulateGrad36": 7.010581903159619e-06,
    "CudnnConvolutionBackward015": 0.0013028516224585474,
    "AccumulateGrad37": 6.8743410520255565e-06,
    "optimizer_zero": 0.0005178758222609758,
    "optimizer_step": 0.0014034132822416724
}