{
    "x": 0,
    "features_0": 3.3053058364181658e-09,
    "features_1": 8.532666497793436e-14,
    "features_2": 2.2434033327989406e-09,
    "features_3": 7.552439074787507e-13,
    "features_4": 4.21604348850059e-13,
    "features_5": 5.390364072672893e-11,
    "features_6": 1.483270061800123e-14,
    "features_7": 2.346208118000749e-10,
    "features_8": 4.9087370202544666e-14,
    "features_9": 4.321362655637034e-12,
    "features_10": 3.7446099402026014e-10,
    "features_11": 2.4716817269837313e-13,
    "features_12": 1.9309890852946006e-10,
    "features_13": 8.194608053708026e-14,
    "features_14": 1.195095802416406e-10,
    "features_15": 2.391752248607277e-14,
    "features_16": 5.56456491075692e-10,
    "features_17": 9.969694784234877e-15,
    "features_18": 6.607395674192008e-14,
    "features_19": 7.245657295110801e-11,
    "features_20": 7.506082245436258e-15,
    "features_21": 8.597295807456912e-10,
    "features_22": 2.0707233576849432e-14,
    "features_23": 4.6490523763983497e-10,
    "features_24": 2.718776400963901e-14,
    "features_25": 4.459265456293509e-10,
    "features_26": 2.4987092499744206e-14,
    "features_27": 1.8487072896838926e-14,
    "features_28": 6.30455077631556e-12,
    "features_29": 1.1408418049469058e-14,
    "features_30": 5.449440147609776e-12,
    "features_31": 4.6546920084718995e-15,
    "features_32": 9.737077985784129e-12,
    "features_33": 4.587527560760851e-15,
    "features_34": 8.98696965332425e-12,
    "features_35": 1.0519817773931632e-14,
    "features_36": 1.735517533360311e-14,
    "avgpool": 2.2198185622219265e-12,
    "flatten": 3.5273920382792375e-15,
    "classifier_0": 3.492403353945635e-12,
    "classifier_1": 1.7980527106764874e-13,
    "classifier_2": 2.886394831215538e-13,
    "classifier_3": 3.2973259683997484e-14,
    "classifier_4": 1.6658472843078572e-12,
    "classifier_5": 1.5046588324471934e-12,
    "classifier_6": 2.0322700729662075e-12,
    "output": 1.7513923109812219e-15,
    "AddmmBackward00": 9.41045063353571e-13,
    "AccumulateGrad0": 8.488053824525252e-13,
    "TBackward00": 2.707482250935114e-13,
    "AccumulateGrad1": 1.9378985781051376e-15,
    "FusedDropoutBackward00": 9.082922025158339e-13,
    "ReluBackward00": 6.687944961146959e-13,
    "AddmmBackward01": 7.2729921006330384e-12,
    "AccumulateGrad2": 6.452949045094981e-15,
    "TBackward01": 3.147260531374664e-15,
    "AccumulateGrad3": 2.1486158437417852e-14,
    "FusedDropoutBackward01": 1.5963286077358572e-14,
    "ReluBackward01": 9.813455557913643e-15,
    "AddmmBackward02": 2.5169876050241454e-10,
    "AccumulateGrad4": 1.4453592296780215e-14,
    "TBackward02": 1.3458137984628497e-15,
    "AccumulateGrad5": 1.9083875414544852e-13,
    "ReshapeAliasBackward00": 5.940242222929404e-14,
    "AdaptiveAvgPool2DBackward00": 3.142209439210533e-14,
    "MaxPool2DWithIndicesBackward00": 1.633377451666871e-14,
    "ReluBackward02": 1.0466324183201759e-14,
    "AddBackward00": 3.4028899730824555e-16,
    "ReshapeAliasBackward01": 3.003477193033424e-16,
    "AccumulateGrad6": 1.3073671459172234e-14,
    "CudnnConvolutionBackward00": 3.1678792807643293e-12,
    "AccumulateGrad7": 8.673833316816722e-15,
    "ReluBackward03": 1.8820456921315235e-14,
    "AddBackward01": 5.01491221716826e-16,
    "ReshapeAliasBackward02": 5.807831164297531e-16,
    "AccumulateGrad8": 3.017287962787323e-13,
    "CudnnConvolutionBackward01": 5.243089644374265e-12,
    "AccumulateGrad9": 1.100939161402217e-14,
    "ReluBackward04": 4.318951452262723e-14,
    "AddBackward02": 3.0571617045378594e-16,
    "ReshapeAliasBackward03": 6.584445565943002e-16,
    "AccumulateGrad10": 1.181081933643302e-14,
    "CudnnConvolutionBackward02": 1.5143365152318746e-12,
    "AccumulateGrad11": 3.677063141336836e-15,
    "ReluBackward05": 1.7840990442327368e-14,
    "AddBackward03": 3.182139062283016e-16,
    "ReshapeAliasBackward04": 4.873103994018018e-15,
    "AccumulateGrad12": 1.2891590607763142e-13,
    "CudnnConvolutionBackward03": 3.5778382668683205e-12,
    "AccumulateGrad13": 1.8594268652293947e-14,
    "MaxPool2DWithIndicesBackward01": 1.2544556223750063e-14,
    "ReluBackward06": 2.6197237977011735e-14,
    "AddBackward04": 4.514703040427016e-16,
    "ReshapeAliasBackward05": 6.379227917512824e-14,
    "AccumulateGrad14": 1.7697467200232366e-13,
    "CudnnConvolutionBackward04": 9.387142456936004e-10,
    "AccumulateGrad15": 1.0626846586345472e-14,
    "ReluBackward07": 3.342044525237592e-14,
    "AddBackward05": 3.913750713366921e-16,
    "ReshapeAliasBackward06": 5.110692179062052e-16,
    "AccumulateGrad16": 9.137353981086837e-15,
    "CudnnConvolutionBackward05": 1.2069184865187363e-09,
    "AccumulateGrad17": 9.410171477400771e-15,
    "ReluBackward08": 1.2694006648297476e-13,
    "AddBackward06": 2.9068061615141374e-16,
    "ReshapeAliasBackward07": 2.268745304470632e-16,
    "AccumulateGrad18": 1.1523893358182348e-14,
    "CudnnConvolutionBackward06": 1.0659588664913575e-09,
    "AccumulateGrad19": 2.5572412072261287e-14,
    "ReluBackward09": 2.869628839649778e-13,
    "AddBackward07": 3.60612436902293e-16,
    "ReshapeAliasBackward08": 1.889956555453962e-16,
    "AccumulateGrad20": 2.735901351630531e-13,
    "CudnnConvolutionBackward07": 8.414931158193486e-10,
    "AccumulateGrad21": 6.502924925010861e-15,
    "MaxPool2DWithIndicesBackward02": 6.508482737280682e-11,
    "ReluBackward010": 3.7662557724581445e-13,
    "AddBackward08": 2.722821389652038e-16,
    "ReshapeAliasBackward09": 5.84515896814698e-16,
    "AccumulateGrad22": 2.838925365261068e-13,
    "CudnnConvolutionBackward08": 1.2799074986422351e-09,
    "AccumulateGrad23": 2.7401928647630443e-15,
    "ReluBackward011": 1.287852066764357e-12,
    "AddBackward09": 3.4864772382782923e-16,
    "ReshapeAliasBackward010": 2.83303608196296e-16,
    "AccumulateGrad24": 1.346512061765738e-14,
    "CudnnConvolutionBackward09": 6.26483403097029e-10,
    "AccumulateGrad25": 6.856662864799615e-15,
    "ReluBackward012": 7.005137402344646e-13,
    "AddBackward010": 3.1086485165546244e-15,
    "ReshapeAliasBackward011": 5.691747251946075e-16,
    "AccumulateGrad26": 1.8875217207368205e-13,
    "CudnnConvolutionBackward010": 9.718637195130495e-10,
    "AccumulateGrad27": 3.8257815424531783e-14,
    "ReluBackward013": 6.478975872417366e-13,
    "AddBackward011": 3.9463147497109046e-16,
    "ReshapeAliasBackward012": 1.4960570133228254e-15,
    "AccumulateGrad28": 1.6806397863859524e-13,
    "CudnnConvolutionBackward011": 1.9214302128284668e-10,
    "AccumulateGrad29": 9.291630459349855e-15,
    "MaxPool2DWithIndicesBackward03": 3.1106407369864574e-13,
    "ReluBackward014": 9.985222719461095e-13,
    "AddBackward012": 4.855762324829403e-16,
    "ReshapeAliasBackward013": 5.334727020184381e-15,
    "AccumulateGrad30": 6.437364376122979e-15,
    "CudnnConvolutionBackward012": 2.6354815487824395e-11,
    "AccumulateGrad31": 3.0461267500001463e-14,
    "ReluBackward015": 2.4793548245047157e-14,
    "AddBackward013": 3.44527107460419e-16,
    "ReshapeAliasBackward014": 8.774861166579378e-16,
    "AccumulateGrad32": 5.951815455897433e-13,
    "CudnnConvolutionBackward013": 2.7138405615598684e-10,
    "AccumulateGrad33": 5.883594800113992e-15,
    "MaxPool2DWithIndicesBackward04": 1.1430697159088143e-12,
    "ReluBackward016": 5.0897169821740364e-14,
    "AddBackward014": 4.4827473544997567e-14,
    "ReshapeAliasBackward015": 3.1617791094100714e-14,
    "AccumulateGrad34": 6.53681641955993e-13,
    "CudnnConvolutionBackward014": 1.3841357762975754e-11,
    "AccumulateGrad35": 1.1459226353310254e-14,
    "ReluBackward017": 3.6863589929445976e-14,
    "AddBackward015": 9.27068462506601e-16,
    "ReshapeAliasBackward016": 3.272018123748795e-15,
    "AccumulateGrad36": 6.261542800942001e-15,
    "CudnnConvolutionBackward015": 2.817926405374347e-12,
    "AccumulateGrad37": 3.89204734461582e-15,
    "optimizer_zero": 1.1754693599369692e-11,
    "optimizer_step": 4.412232252977587e-13
}