{
    "x": 0,
    "features_0": 0.0007455028383992612,
    "features_1": 0.00030634692404419184,
    "features_2": 0.0013763456977903842,
    "features_3": 0.0003063354385085404,
    "features_4": 0.0002735484391450882,
    "features_5": 0.0005308203375898301,
    "features_6": 0.00015673684421926737,
    "features_7": 0.0008082236628979445,
    "features_8": 0.00015684003941714766,
    "features_9": 0.00013910009991377592,
    "features_10": 0.0004021606990136206,
    "features_11": 8.182754274457693e-05,
    "features_12": 0.0006644988991320133,
    "features_13": 8.184193866327405e-05,
    "features_14": 0.0006835869420319796,
    "features_15": 8.178366115316749e-05,
    "features_16": 0.0006644840631633997,
    "features_17": 8.153373841196298e-05,
    "features_18": 7.451782235875725e-05,
    "features_19": 0.0003371661785058677,
    "features_20": 2.4497802369296553e-05,
    "features_21": 0.0005808112584054471,
    "features_22": 2.455871785059571e-05,
    "features_23": 0.000579976481385529,
    "features_24": 2.455592155456543e-05,
    "features_25": 0.000579622839577496,
    "features_26": 2.5604700203984977e-05,
    "features_27": 4.064258188009262e-05,
    "features_28": 0.00018944363808259368,
    "features_29": 1.8202823121100664e-05,
    "features_30": 0.0001893334975466132,
    "features_31": 1.814630115404725e-05,
    "features_32": 0.00018920418107882143,
    "features_33": 1.8169961404055357e-05,
    "features_34": 0.000190010922960937,
    "features_35": 1.8240862991660834e-05,
    "features_36": 2.3632817901670935e-05,
    "avgpool": 4.3887060601264236e-05,
    "flatten": 4.048796836286783e-06,
    "classifier_0": 0.0003344488819129765,
    "classifier_1": 1.8055138643831017e-05,
    "classifier_2": 2.6935397181659936e-05,
    "classifier_3": 7.411723956465721e-05,
    "classifier_4": 1.805791864171624e-05,
    "classifier_5": 2.6958640664815905e-05,
    "classifier_6": 5.460537970066071e-05,
    "output": 1.0353419929742814e-06,
    "AddmmBackward00": 3.8861001376062634e-05,
    "AccumulateGrad0": 7.634961511939763e-06,
    "TBackward00": 2.6930402964353562e-06,
    "AccumulateGrad1": 1.5998017042875288e-05,
    "FusedDropoutBackward00": 1.069450518116355e-05,
    "ReluBackward00": 1.0662821587175131e-05,
    "AddmmBackward01": 0.00013045708183199168,
    "AccumulateGrad2": 7.656998932361602e-06,
    "TBackward01": 2.690437249839306e-06,
    "AccumulateGrad3": 0.00010370619595050812,
    "FusedDropoutBackward01": 1.0812722612172365e-05,
    "ReluBackward01": 1.0357461869716644e-05,
    "AddmmBackward02": 0.000591892481315881,
    "AccumulateGrad4": 7.589883171021938e-06,
    "TBackward02": 2.6663998141884805e-06,
    "AccumulateGrad5": 0.0006049340032041073,
    "ReshapeAliasBackward00": 2.6267184875905514e-06,
    "AdaptiveAvgPool2DBackward00": 3.648333949968219e-05,
    "MaxPool2DWithIndicesBackward00": 3.9165755733847615e-05,
    "ReluBackward02": 1.073536230251193e-05,
    "AddBackward00": 1.3770069926977157e-06,
    "ReshapeAliasBackward01": 2.5584199465811252e-06,
    "AccumulateGrad6": 7.524744141846895e-06,
    "CudnnConvolutionBackward00": 0.0004041583789512515,
    "AccumulateGrad7": 1.1043159756809472e-05,
    "ReluBackward03": 1.085459953173995e-05,
    "AddBackward01": 1.4226371422410012e-06,
    "ReshapeAliasBackward02": 2.5968789122998715e-06,
    "AccumulateGrad8": 7.654780056327581e-06,
    "CudnnConvolutionBackward01": 0.0004045792040415108,
    "AccumulateGrad9": 1.0993857868015765e-05,
    "ReluBackward04": 1.0475858580321074e-05,
    "AddBackward02": 1.4076987281441687e-06,
    "ReshapeAliasBackward03": 2.57022213190794e-06,
    "AccumulateGrad10": 7.624565623700618e-06,
    "CudnnConvolutionBackward02": 0.0004059411585330963,
    "AccumulateGrad11": 1.1066198348999023e-05,
    "ReluBackward05": 1.0454617440700532e-05,
    "AddBackward03": 1.3966416008770467e-06,
    "ReshapeAliasBackward04": 2.5746389292180538e-06,
    "AccumulateGrad12": 7.499116472899914e-06,
    "CudnnConvolutionBackward03": 0.00040435121394693846,
    "AccumulateGrad13": 1.1001117527484894e-05,
    "MaxPool2DWithIndicesBackward01": 0.00012953576166182756,
    "ReluBackward06": 6.270399782806635e-05,
    "AddBackward04": 1.3867835514247419e-06,
    "ReshapeAliasBackward05": 2.5742175057530404e-06,
    "AccumulateGrad14": 7.539980579167605e-06,
    "CudnnConvolutionBackward04": 0.0012309728004038334,
    "AccumulateGrad15": 1.103271497413516e-05,
    "ReluBackward07": 6.275027990341187e-05,
    "AddBackward05": 1.5106424689292907e-06,
    "ReshapeAliasBackward06": 2.600096631795168e-06,
    "AccumulateGrad16": 7.892239373177289e-06,
    "CudnnConvolutionBackward05": 0.0012284338218159973,
    "AccumulateGrad17": 1.1010919697582722e-05,
    "ReluBackward08": 6.262704031541943e-05,
    "AddBackward06": 1.3816007412970067e-06,
    "ReshapeAliasBackward07": 2.5393976829946043e-06,
    "AccumulateGrad18": 7.4820592999458315e-06,
    "CudnnConvolutionBackward06": 0.0012320828973315656,
    "AccumulateGrad19": 1.0991657618433237e-05,
    "ReluBackward09": 6.274102022871375e-05,
    "AddBackward07": 1.3866228982806206e-06,
    "ReshapeAliasBackward08": 2.6481784880161286e-06,
    "AccumulateGrad20": 7.484676316380501e-06,
    "CudnnConvolutionBackward07": 0.000687283503357321,
    "AccumulateGrad21": 7.68302008509636e-06,
    "MaxPool2DWithIndicesBackward02": 0.00023958868114277722,
    "ReluBackward010": 0.00011920373886823654,
    "AddBackward08": 1.3733794912695884e-06,
    "ReshapeAliasBackward09": 2.5393790565431116e-06,
    "AccumulateGrad22": 7.487479597330093e-06,
    "CudnnConvolutionBackward08": 0.001310484781861305,
    "AccumulateGrad23": 7.395301945507526e-06,
    "ReluBackward011": 0.00011932915775105356,
    "AddBackward09": 1.3545621186494828e-06,
    "ReshapeAliasBackward010": 2.5435793213546276e-06,
    "AccumulateGrad24": 7.497898768633604e-06,
    "CudnnConvolutionBackward09": 0.0013121929811313747,
    "AccumulateGrad25": 7.3538208380341534e-06,
    "ReluBackward012": 0.00011912457877770067,
    "AddBackward010": 1.36055750772357e-06,
    "ReshapeAliasBackward011": 2.5465991348028186e-06,
    "AccumulateGrad26": 7.772776298224926e-06,
    "CudnnConvolutionBackward010": 0.0013194852811284363,
    "AccumulateGrad27": 7.39710172638297e-06,
    "ReluBackward013": 0.00011912697926163673,
    "AddBackward011": 1.3679801486432553e-06,
    "ReshapeAliasBackward012": 2.5117211043834687e-06,
    "AccumulateGrad28": 7.4321404099464415e-06,
    "CudnnConvolutionBackward011": 0.0008055378170683979,
    "AccumulateGrad29": 7.4095395393669604e-06,
    "MaxPool2DWithIndicesBackward03": 0.00047091904096305373,
    "ReluBackward014": 0.0002332309214398265,
    "AddBackward012": 1.3802014291286469e-06,
    "ReshapeAliasBackward013": 2.5535956956446172e-06,
    "AccumulateGrad30": 7.436356972903012e-06,
    "CudnnConvolutionBackward012": 0.001562286401167512,
    "AccumulateGrad31": 7.4114999733865264e-06,
    "ReluBackward015": 0.00023350099800154567,
    "AddBackward013": 1.368778757750988e-06,
    "ReshapeAliasBackward014": 2.564620226621628e-06,
    "AccumulateGrad32": 7.4207223951816555e-06,
    "CudnnConvolutionBackward013": 0.0011471062200143934,
    "AccumulateGrad33": 7.450776174664498e-06,
    "MaxPool2DWithIndicesBackward04": 0.0009248016797937453,
    "ReluBackward016": 0.0004599624406546354,
    "AddBackward014": 1.4088605530560017e-06,
    "ReshapeAliasBackward015": 2.603286411613226e-06,
    "AccumulateGrad34": 7.585899438709021e-06,
    "CudnnConvolutionBackward014": 0.0028100587776862087,
    "AccumulateGrad35": 7.4541987851262095e-06,
    "ReluBackward017": 0.0004598444001749158,
    "AddBackward015": 1.3755634427070618e-06,
    "ReshapeAliasBackward016": 2.554594539105892e-06,
    "AccumulateGrad36": 7.51812243834138e-06,
    "CudnnConvolutionBackward015": 0.00038179202005267143,
    "AccumulateGrad37": 7.418738678097725e-06,
    "optimizer_zero": 0.0005238021817058324,
    "optimizer_step": 0.0014055661787278951
}