{
    "x": 0,
    "features_0": 7.190268026162697e-13,
    "features_1": 3.3890943328639123e-13,
    "features_2": 2.243008271252036e-11,
    "features_3": 8.805803746500095e-13,
    "features_4": 6.100002577710817e-14,
    "features_5": 8.609446357059087e-13,
    "features_6": 1.2756923013605703e-14,
    "features_7": 5.5810958308073186e-11,
    "features_8": 2.2239310363430554e-13,
    "features_9": 8.842157764982727e-14,
    "features_10": 2.8317064238966067e-12,
    "features_11": 1.1547471185095923e-13,
    "features_12": 1.9968760962420338e-10,
    "features_13": 5.896356772522142e-14,
    "features_14": 4.593263930503539e-11,
    "features_15": 2.81023297297664e-13,
    "features_16": 3.729126184001783e-11,
    "features_17": 5.967611867445551e-14,
    "features_18": 1.1803300150421345e-13,
    "features_19": 4.7151249240760464e-14,
    "features_20": 2.3730380079587183e-13,
    "features_21": 1.9384663020621156e-11,
    "features_22": 4.292150857822252e-14,
    "features_23": 2.4900844109105108e-14,
    "features_24": 1.3021811905676584e-13,
    "features_25": 1.346252641429204e-13,
    "features_26": 7.469978650399834e-14,
    "features_27": 7.750946117573987e-13,
    "features_28": 2.3221754548571547e-13,
    "features_29": 1.2672982590633888e-14,
    "features_30": 1.0841996207614815e-12,
    "features_31": 1.4862390108221804e-13,
    "features_32": 1.065762639815629e-13,
    "features_33": 3.58780828668432e-14,
    "features_34": 1.0145422796683546e-13,
    "features_35": 1.4157270679122232e-14,
    "features_36": 1.3946583647607598e-12,
    "avgpool": 6.07402365437968e-14,
    "flatten": 1.459719950708087e-14,
    "classifier_0": 3.1234156591414956e-13,
    "classifier_1": 7.112660550053115e-14,
    "classifier_2": 1.6432621223222855e-12,
    "classifier_3": 6.098225331825635e-14,
    "classifier_4": 2.1103803600486247e-14,
    "classifier_5": 1.7862969485743855e-14,
    "classifier_6": 2.9886281921194096e-12,
    "output": 4.203593636370462e-15,
    "AddmmBackward00": 2.9752224317038117e-13,
    "AccumulateGrad0": 3.0345409670305686e-14,
    "TBackward00": 4.843223668253224e-15,
    "AccumulateGrad1": 4.416218232035016e-15,
    "FusedDropoutBackward00": 9.054794140503884e-14,
    "ReluBackward00": 1.6422511115755933e-13,
    "AddmmBackward01": 1.2339140904242366e-13,
    "AccumulateGrad2": 1.4344065234097974e-13,
    "TBackward01": 3.302685626068239e-15,
    "AccumulateGrad3": 8.719740703685801e-14,
    "FusedDropoutBackward01": 2.1546769820831107e-14,
    "ReluBackward01": 3.003959331716183e-15,
    "AddmmBackward02": 5.390486984731268e-13,
    "AccumulateGrad4": 1.2261664440412802e-13,
    "TBackward02": 6.6485050429464244e-15,
    "AccumulateGrad5": 3.788049100198094e-13,
    "ReshapeAliasBackward00": 4.724117554392656e-15,
    "AdaptiveAvgPool2DBackward00": 8.425753988288743e-13,
    "MaxPool2DWithIndicesBackward00": 2.215258187933562e-14,
    "ReluBackward02": 6.928607733662668e-14,
    "AddBackward00": 5.019968083797358e-15,
    "ReshapeAliasBackward01": 3.987669759284926e-15,
    "AccumulateGrad6": 9.424221846703399e-15,
    "CudnnConvolutionBackward00": 1.763418035183838e-13,
    "AccumulateGrad7": 5.184007736969143e-15,
    "ReluBackward03": 2.2920092391945715e-14,
    "AddBackward01": 5.480725790742158e-15,
    "ReshapeAliasBackward02": 2.7678225108986735e-15,
    "AccumulateGrad8": 1.2481020367606856e-14,
    "CudnnConvolutionBackward01": 6.226404144333251e-14,
    "AccumulateGrad9": 1.8889869323693995e-15,
    "ReluBackward04": 3.6956474311995376e-14,
    "AddBackward02": 6.145217716852294e-15,
    "ReshapeAliasBackward03": 9.312008033158377e-15,
    "AccumulateGrad10": 1.742019926204673e-14,
    "CudnnConvolutionBackward02": 9.741060451209753e-14,
    "AccumulateGrad11": 6.446272335369762e-15,
    "ReluBackward05": 3.844779944178928e-14,
    "AddBackward03": 3.927385204701393e-14,
    "ReshapeAliasBackward04": 1.470701227359976e-14,
    "AccumulateGrad12": 1.638180509213466e-14,
    "CudnnConvolutionBackward03": 6.093453112964233e-14,
    "AccumulateGrad13": 2.013203595800303e-15,
    "MaxPool2DWithIndicesBackward01": 5.0967130770787283e-14,
    "ReluBackward06": 7.142844800876736e-15,
    "AddBackward04": 3.4053449350732873e-15,
    "ReshapeAliasBackward05": 2.9682311296352904e-16,
    "AccumulateGrad14": 9.581165288236047e-15,
    "CudnnConvolutionBackward04": 1.3687964747386652e-12,
    "AccumulateGrad15": 1.9908411128411603e-15,
    "ReluBackward07": 2.327595288004972e-13,
    "AddBackward05": 3.6673066655928264e-15,
    "ReshapeAliasBackward06": 1.1026989515721883e-14,
    "AccumulateGrad16": 1.3787997517810887e-14,
    "CudnnConvolutionBackward05": 8.158077069110235e-10,
    "AccumulateGrad17": 8.35127165988922e-15,
    "ReluBackward08": 6.144418234301821e-14,
    "AddBackward06": 4.0059568618029675e-15,
    "ReshapeAliasBackward07": 1.6510892723560837e-14,
    "AccumulateGrad18": 6.504240559774415e-15,
    "CudnnConvolutionBackward06": 1.612510818333444e-10,
    "AccumulateGrad19": 2.043295193416769e-15,
    "ReluBackward09": 4.650953144206931e-14,
    "AddBackward07": 4.444244803983658e-15,
    "ReshapeAliasBackward08": 1.617699247127846e-15,
    "AccumulateGrad20": 1.1744445964790432e-14,
    "CudnnConvolutionBackward07": 4.622888711376324e-13,
    "AccumulateGrad21": 3.4697412315282808e-15,
    "MaxPool2DWithIndicesBackward02": 1.273622562123801e-11,
    "ReluBackward010": 1.6261822021346878e-13,
    "AddBackward08": 4.0710260683363146e-15,
    "ReshapeAliasBackward09": 9.009577209718316e-16,
    "AccumulateGrad22": 2.589267550910136e-14,
    "CudnnConvolutionBackward08": 2.7825888980676816e-13,
    "AccumulateGrad23": 1.8973438488736893e-14,
    "ReluBackward011": 1.8490012303559342e-11,
    "AddBackward09": 6.219509011539531e-15,
    "ReshapeAliasBackward010": 4.722633289750041e-14,
    "AccumulateGrad24": 2.4152813890608928e-14,
    "CudnnConvolutionBackward09": 5.938936845224752e-10,
    "AccumulateGrad25": 1.040000687375616e-12,
    "ReluBackward012": 1.8202853070345416e-13,
    "AddBackward010": 7.886031563007767e-15,
    "ReshapeAliasBackward011": 1.822908311929425e-14,
    "AccumulateGrad26": 1.130210814802475e-14,
    "CudnnConvolutionBackward010": 2.3201904760845495e-10,
    "AccumulateGrad27": 3.785397863220741e-14,
    "ReluBackward013": 1.850209442036052e-13,
    "AddBackward011": 4.105100807894057e-15,
    "ReshapeAliasBackward012": 2.5129312151116193e-15,
    "AccumulateGrad28": 6.622605784080416e-15,
    "CudnnConvolutionBackward011": 4.592695330215158e-13,
    "AccumulateGrad29": 2.3547877162728365e-14,
    "MaxPool2DWithIndicesBackward03": 4.7956992785833176e-12,
    "ReluBackward014": 2.762723115058187e-14,
    "AddBackward012": 5.670821424203984e-15,
    "ReshapeAliasBackward013": 1.7240507253161312e-15,
    "AccumulateGrad30": 1.8009145607081333e-14,
    "CudnnConvolutionBackward012": 1.2797646973454567e-12,
    "AccumulateGrad31": 1.0447985711184784e-14,
    "ReluBackward015": 2.67403258634143e-13,
    "AddBackward013": 1.4035815207574101e-14,
    "ReshapeAliasBackward014": 1.834167935805056e-15,
    "AccumulateGrad32": 1.618392087552635e-14,
    "CudnnConvolutionBackward013": 6.470194891200575e-13,
    "AccumulateGrad33": 9.990033146155176e-13,
    "MaxPool2DWithIndicesBackward04": 1.699477432154546e-14,
    "ReluBackward016": 1.7795960405709957e-13,
    "AddBackward014": 3.834009065090128e-15,
    "ReshapeAliasBackward015": 1.2121365380608068e-15,
    "AccumulateGrad34": 1.2396498132475826e-12,
    "CudnnConvolutionBackward014": 1.4567811096701574e-12,
    "AccumulateGrad35": 2.859502638472531e-14,
    "ReluBackward017": 2.0926341903889855e-14,
    "AddBackward015": 4.2656905297529935e-15,
    "ReshapeAliasBackward016": 3.4614591466579358e-15,
    "AccumulateGrad36": 6.960014129701182e-14,
    "CudnnConvolutionBackward015": 5.835592480784744e-12,
    "AccumulateGrad37": 2.6903338362421408e-14,
    "optimizer_zero": 8.700028483277308e-13,
    "optimizer_step": 3.9047632607782514e-13
}