{
    "x": 0,
    "features_0": 0.011641213020775467,
    "features_1": 0.004796365045476704,
    "features_2": 0.02572227977681905,
    "features_3": 0.004797707959078253,
    "features_4": 0.004259933999273926,
    "features_5": 0.007901737443171441,
    "features_6": 0.0023988476628437638,
    "features_7": 0.012435583774931728,
    "features_8": 0.0023993748449720443,
    "features_9": 0.002108649939764291,
    "features_10": 0.005658026221208275,
    "features_11": 0.00120310393627733,
    "features_12": 0.00963955719722435,
    "features_13": 0.0012016997230239212,
    "features_14": 0.00959616626147181,
    "features_15": 0.0012024757196195423,
    "features_16": 0.009646256577689201,
    "features_17": 0.001202330703381449,
    "features_18": 0.0010754924779757858,
    "features_19": 0.004558786363340914,
    "features_20": 0.0006045622006058693,
    "features_21": 0.008312463143374771,
    "features_22": 0.0006042823009192943,
    "features_23": 0.008270885422825813,
    "features_24": 0.0006041696388274431,
    "features_25": 0.008336067881900817,
    "features_26": 0.0006041793012991547,
    "features_27": 0.0005376547412015498,
    "features_28": 0.0021285867644473913,
    "features_29": 0.00015645950101315977,
    "features_30": 0.0021309003396891056,
    "features_31": 0.00015678648138418792,
    "features_32": 0.0021274744998663665,
    "features_33": 0.00015645087696611882,
    "features_34": 0.00214558448176831,
    "features_35": 0.00015662082005292178,
    "features_36": 0.00014139619655907155,
    "avgpool": 0.0006334244413301349,
    "flatten": 3.922975156456232e-06,
    "classifier_0": 0.00047969908220693466,
    "classifier_1": 1.7033203039318324e-05,
    "classifier_2": 2.4752279277890923e-05,
    "classifier_3": 0.00011528315721079707,
    "classifier_4": 3.9139096625149247e-05,
    "classifier_5": 2.4351337924599647e-05,
    "classifier_6": 7.376558147370815e-05,
    "output": 1.0203407146036625e-06,
    "AddmmBackward00": 7.433363934978842e-05,
    "AccumulateGrad0": 6.708975415676832e-06,
    "TBackward00": 2.5533954612910748e-06,
    "AccumulateGrad1": 1.6321458388119937e-05,
    "FusedDropoutBackward00": 9.562557097524405e-06,
    "ReluBackward00": 9.483178146183491e-06,
    "AddmmBackward01": 0.00021084208041429522,
    "AccumulateGrad2": 7.137602660804987e-06,
    "TBackward01": 2.611675299704075e-06,
    "AccumulateGrad3": 0.00010362828150391578,
    "FusedDropoutBackward01": 9.49404202401638e-06,
    "ReluBackward01": 9.355377405881882e-06,
    "AddmmBackward02": 0.0009912357782013714,
    "AccumulateGrad4": 6.668558344244957e-06,
    "TBackward02": 2.5471835397183894e-06,
    "AccumulateGrad5": 0.0006041927426122129,
    "ReshapeAliasBackward00": 2.5742384605109693e-06,
    "AdaptiveAvgPool2DBackward00": 0.0004788987804204226,
    "MaxPool2DWithIndicesBackward00": 0.0005334771028719842,
    "ReluBackward02": 0.00023257588036358358,
    "AddBackward00": 1.378797460347414e-06,
    "ReshapeAliasBackward01": 2.5225430727005004e-06,
    "AccumulateGrad6": 6.651296280324459e-06,
    "CudnnConvolutionBackward00": 0.00446850691922009,
    "AccumulateGrad7": 1.0893079452216625e-05,
    "ReluBackward03": 0.00023252515820786356,
    "AddBackward01": 1.3842224143445493e-06,
    "ReshapeAliasBackward02": 2.5902618654072285e-06,
    "AccumulateGrad8": 6.64988299831748e-06,
    "CudnnConvolutionBackward01": 0.004548024300020189,
    "AccumulateGrad9": 1.1133721563965082e-05,
    "ReluBackward04": 0.0002323424001224339,
    "AddBackward02": 1.4210608787834644e-06,
    "ReshapeAliasBackward03": 2.5471835397183894e-06,
    "AccumulateGrad10": 6.637461483478546e-06,
    "CudnnConvolutionBackward02": 0.004556069385726004,
    "AccumulateGrad11": 1.12112401984632e-05,
    "ReluBackward05": 0.00023239476140588522,
    "AddBackward03": 1.4038383960723878e-06,
    "ReshapeAliasBackward04": 2.5798380374908447e-06,
    "AccumulateGrad12": 6.7124189808964735e-06,
    "CudnnConvolutionBackward03": 0.004557786837685853,
    "AccumulateGrad13": 1.1174820829182864e-05,
    "MaxPool2DWithIndicesBackward01": 0.0019684866373427213,
    "ReluBackward06": 0.0009125853981822729,
    "AddBackward04": 1.3745785690844058e-06,
    "ReshapeAliasBackward05": 2.523539587855339e-06,
    "AccumulateGrad14": 6.588760297745466e-06,
    "CudnnConvolutionBackward04": 0.017610295701306313,
    "AccumulateGrad15": 1.1157761327922344e-05,
    "ReluBackward07": 0.0009114298224449157,
    "AddBackward05": 1.3824040070176125e-06,
    "ReshapeAliasBackward06": 2.6802206411957743e-06,
    "AccumulateGrad16": 6.624239031225444e-06,
    "CudnnConvolutionBackward05": 0.017973280320875345,
    "AccumulateGrad17": 1.1305238585919141e-05,
    "ReluBackward08": 0.0009110555634833873,
    "AddBackward06": 1.3827788643538951e-06,
    "ReshapeAliasBackward07": 2.514119260013104e-06,
    "AccumulateGrad18": 6.625838577747345e-06,
    "CudnnConvolutionBackward06": 0.017971429019235076,
    "AccumulateGrad19": 1.1258542072027922e-05,
    "ReluBackward09": 0.0009112773253582418,
    "AddBackward07": 1.3972399756312371e-06,
    "ReshapeAliasBackward08": 2.5381799787282943e-06,
    "AccumulateGrad20": 6.6887773573398586e-06,
    "CudnnConvolutionBackward07": 0.009581061399076133,
    "AccumulateGrad21": 7.637145463377238e-06,
    "MaxPool2DWithIndicesBackward02": 0.0037259660987183454,
    "ReluBackward010": 0.001818915898911655,
    "AddBackward08": 1.3880408369004727e-06,
    "ReshapeAliasBackward09": 2.585863694548607e-06,
    "AccumulateGrad22": 6.657922640442848e-06,
    "CudnnConvolutionBackward08": 0.01945153784006834,
    "AccumulateGrad23": 6.981519982218743e-06,
    "ReluBackward011": 0.0018171645584516226,
    "AddBackward09": 1.40422023832798e-06,
    "ReshapeAliasBackward010": 2.545979805290699e-06,
    "AccumulateGrad24": 6.681738886982202e-06,
    "CudnnConvolutionBackward09": 0.01992984685814008,
    "AccumulateGrad25": 6.832240615040064e-06,
    "ReluBackward012": 0.001816480720881373,
    "AddBackward010": 1.3962620869278907e-06,
    "ReshapeAliasBackward011": 2.5341822765767573e-06,
    "AccumulateGrad26": 6.686542183160782e-06,
    "CudnnConvolutionBackward010": 0.01999785740394145,
    "AccumulateGrad27": 6.64025777950883e-06,
    "ReluBackward013": 0.0018165119388140738,
    "AddBackward011": 1.387796364724636e-06,
    "ReshapeAliasBackward012": 2.5415606796741486e-06,
    "AccumulateGrad28": 7.070701103657484e-06,
    "CudnnConvolutionBackward011": 0.011173014314845204,
    "AccumulateGrad29": 6.544103380292654e-06,
    "MaxPool2DWithIndicesBackward03": 0.007335831942036748,
    "ReluBackward014": 0.0036311199166812005,
    "AddBackward012": 1.4044251292943955e-06,
    "ReshapeAliasBackward013": 2.547015901654959e-06,
    "AccumulateGrad30": 6.7254155874252325e-06,
    "CudnnConvolutionBackward012": 0.023691766601987182,
    "AccumulateGrad31": 6.6785374656319615e-06,
    "ReluBackward015": 0.0036296992423012855,
    "AddBackward013": 1.4112377539277075e-06,
    "ReshapeAliasBackward014": 2.6291189715266227e-06,
    "AccumulateGrad32": 6.717420183122158e-06,
    "CudnnConvolutionBackward013": 0.020219159603584558,
    "AccumulateGrad33": 6.598802283406258e-06,
    "MaxPool2DWithIndicesBackward04": 0.014671380217187108,
    "ReluBackward016": 0.0072609938774257895,
    "AddBackward014": 1.426120288670063e-06,
    "ReshapeAliasBackward015": 2.552822697907686e-06,
    "AccumulateGrad34": 6.739860400557518e-06,
    "CudnnConvolutionBackward014": 0.05131246871547773,
    "AccumulateGrad35": 6.941223982721567e-06,
    "ReluBackward017": 0.007259973762556911,
    "AddBackward015": 1.4411425217986107e-06,
    "ReshapeAliasBackward016": 2.5313789956271645e-06,
    "AccumulateGrad36": 6.6945794969797134e-06,
    "CudnnConvolutionBackward015": 0.005067949041258544,
    "AccumulateGrad37": 6.618418265134097e-06,
    "optimizer_zero": 0.000525230779312551,
    "optimizer_step": 0.0014033173816278576
}