{
    "x": 0,
    "features_0": 3.9763589869575006e-11,
    "features_1": 1.0102457341000256e-12,
    "features_2": 2.8085270299923784e-10,
    "features_3": 9.709708470736177e-13,
    "features_4": 4.041773790164956e-12,
    "features_5": 4.6103101545007676e-10,
    "features_6": 1.1373672800069847e-11,
    "features_7": 2.61779383742004e-09,
    "features_8": 5.701984426666803e-12,
    "features_9": 5.922332565219506e-14,
    "features_10": 1.8373482650834686e-09,
    "features_11": 2.2601193623605125e-12,
    "features_12": 5.628281593346603e-10,
    "features_13": 6.234812905217025e-13,
    "features_14": 5.336145344047634e-09,
    "features_15": 2.625734955445701e-12,
    "features_16": 4.97058668856603e-10,
    "features_17": 3.120552079000257e-12,
    "features_18": 1.3872302755840208e-13,
    "features_19": 3.169252363446326e-09,
    "features_20": 5.05875498907132e-13,
    "features_21": 5.937167108508368e-10,
    "features_22": 2.228754958095557e-13,
    "features_23": 2.291961725409673e-09,
    "features_24": 3.8419343043310377e-13,
    "features_25": 1.457745195145111e-08,
    "features_26": 8.591559557433009e-14,
    "features_27": 8.726755925422651e-14,
    "features_28": 3.3238457608336905e-09,
    "features_29": 1.7588991249812074e-13,
    "features_30": 3.931111214746329e-10,
    "features_31": 9.78997542213332e-14,
    "features_32": 4.4062982266674663e-10,
    "features_33": 2.673071192291123e-13,
    "features_34": 1.951654150272235e-10,
    "features_35": 1.8025531655957611e-13,
    "features_36": 1.4767174535599248e-13,
    "avgpool": 2.191038783814613e-11,
    "flatten": 6.876160177273632e-14,
    "classifier_0": 3.662047760031369e-13,
    "classifier_1": 2.1542372215504343e-13,
    "classifier_2": 1.971542365480786e-12,
    "classifier_3": 1.3732410580847775e-14,
    "classifier_4": 4.777259900153046e-09,
    "classifier_5": 1.0290641765369619e-13,
    "classifier_6": 2.323313882859196e-14,
    "output": 9.947622640980175e-15,
    "AddmmBackward00": 5.958421920465064e-14,
    "AccumulateGrad0": 2.5446098217895774e-14,
    "TBackward00": 7.533682201297728e-15,
    "AccumulateGrad1": 3.3043047464875736e-15,
    "FusedDropoutBackward00": 3.170361388238167e-14,
    "ReluBackward00": 7.129519161998797e-14,
    "AddmmBackward01": 1.0817815168499315e-13,
    "AccumulateGrad2": 1.2443057472518067e-12,
    "TBackward01": 3.289645552490006e-14,
    "AccumulateGrad3": 7.461479996145535e-14,
    "FusedDropoutBackward01": 3.4151634834998433e-14,
    "ReluBackward01": 4.03529402275872e-14,
    "AddmmBackward02": 1.1157457066100057e-10,
    "AccumulateGrad4": 2.0454684007773643e-14,
    "TBackward02": 2.9318455215671114e-15,
    "AccumulateGrad5": 2.0313749198920018e-13,
    "ReshapeAliasBackward00": 3.229741588105586e-15,
    "AdaptiveAvgPool2DBackward00": 7.585910811189548e-13,
    "MaxPool2DWithIndicesBackward00": 1.7226445205194285e-14,
    "ReluBackward02": 1.864446401086961e-13,
    "AddBackward00": 7.219649736985718e-15,
    "ReshapeAliasBackward01": 3.2150423545217884e-15,
    "AccumulateGrad6": 1.1171172087419759e-14,
    "CudnnConvolutionBackward00": 1.154063801009597e-09,
    "AccumulateGrad7": 3.972522804414e-15,
    "ReluBackward03": 6.814990940822406e-14,
    "AddBackward01": 6.666799599354401e-15,
    "ReshapeAliasBackward02": 7.928857079903504e-14,
    "AccumulateGrad8": 2.115709227278918e-14,
    "CudnnConvolutionBackward01": 2.8649703946642735e-09,
    "AccumulateGrad9": 3.5720898081906955e-15,
    "ReluBackward04": 4.628619229975032e-14,
    "AddBackward02": 1.7351150274598838e-14,
    "ReshapeAliasBackward03": 7.295243321112433e-15,
    "AccumulateGrad10": 7.590677300042466e-15,
    "CudnnConvolutionBackward02": 1.1772074655132671e-09,
    "AccumulateGrad11": 1.1955257666002375e-14,
    "ReluBackward05": 1.328566626829751e-13,
    "AddBackward03": 9.243511365402205e-15,
    "ReshapeAliasBackward04": 6.8748818758072176e-15,
    "AccumulateGrad12": 1.081702877769007e-14,
    "CudnnConvolutionBackward03": 7.606742307593439e-10,
    "AccumulateGrad13": 7.167879083249535e-15,
    "MaxPool2DWithIndicesBackward01": 2.4862390574418135e-10,
    "ReluBackward06": 8.31164285075743e-15,
    "AddBackward04": 4.636980036054617e-15,
    "ReshapeAliasBackward05": 8.215622409810108e-15,
    "AccumulateGrad14": 1.57242217022676e-14,
    "CudnnConvolutionBackward04": 2.1096939723951504e-09,
    "AccumulateGrad15": 6.433695617273985e-15,
    "ReluBackward07": 4.56252248926415e-13,
    "AddBackward05": 6.67387729824144e-15,
    "ReshapeAliasBackward06": 1.9878157597069154e-13,
    "AccumulateGrad16": 9.484186493883412e-15,
    "CudnnConvolutionBackward05": 6.176489516621753e-09,
    "AccumulateGrad17": 5.661589171654726e-15,
    "ReluBackward08": 4.849196018959657e-13,
    "AddBackward06": 6.855957506357244e-15,
    "ReshapeAliasBackward07": 6.5551781396663155e-15,
    "AccumulateGrad18": 1.3097640837568883e-14,
    "CudnnConvolutionBackward06": 3.1052417256013595e-09,
    "AccumulateGrad19": 4.5505375455192484e-15,
    "ReluBackward09": 4.370055710801058e-13,
    "AddBackward07": 1.1465259758302107e-14,
    "ReshapeAliasBackward08": 6.680938490150404e-15,
    "AccumulateGrad20": 1.2161122613487188e-14,
    "CudnnConvolutionBackward07": 9.248838998366716e-10,
    "AccumulateGrad21": 7.820428115853927e-15,
    "MaxPool2DWithIndicesBackward02": 1.0798908728158328e-09,
    "ReluBackward010": 1.057074738885274e-13,
    "AddBackward08": 1.129989052090115e-14,
    "ReshapeAliasBackward09": 1.993216884404146e-14,
    "AccumulateGrad22": 1.7305738331079013e-14,
    "CudnnConvolutionBackward08": 1.5216035600913466e-08,
    "AccumulateGrad23": 1.0176735620653563e-12,
    "ReluBackward011": 8.538040944822827e-13,
    "AddBackward09": 6.306993311942441e-15,
    "ReshapeAliasBackward010": 7.947734267585438e-15,
    "AccumulateGrad24": 1.0403216238767318e-14,
    "CudnnConvolutionBackward09": 1.973752616854144e-08,
    "AccumulateGrad25": 4.885098330356923e-13,
    "ReluBackward012": 8.836686592693637e-13,
    "AddBackward010": 1.0017586261380773e-14,
    "ReshapeAliasBackward011": 5.098440333112242e-15,
    "AccumulateGrad26": 2.3604190244096502e-14,
    "CudnnConvolutionBackward010": 8.795823334287091e-08,
    "AccumulateGrad27": 2.4613856878250368e-14,
    "ReluBackward013": 7.531268623415251e-12,
    "AddBackward011": 7.215954775981886e-15,
    "ReshapeAliasBackward012": 6.9972658038857515e-15,
    "AccumulateGrad28": 1.2228103599945442e-12,
    "CudnnConvolutionBackward011": 1.2951264606562442e-10,
    "AccumulateGrad29": 2.4013309569970164e-14,
    "MaxPool2DWithIndicesBackward03": 1.635248715957166e-09,
    "ReluBackward014": 3.023746679203712e-13,
    "AddBackward012": 1.5738033353742896e-14,
    "ReshapeAliasBackward013": 3.914782181150406e-15,
    "AccumulateGrad30": 9.325724247737436e-15,
    "CudnnConvolutionBackward012": 7.841314968816919e-09,
    "AccumulateGrad31": 1.535295016661699e-14,
    "ReluBackward015": 1.743332024339893e-12,
    "AddBackward013": 1.3526725800658971e-14,
    "ReshapeAliasBackward014": 4.103388156063807e-14,
    "AccumulateGrad32": 5.2211415800616084e-15,
    "CudnnConvolutionBackward013": 2.38818076768552e-11,
    "AccumulateGrad33": 6.695507109898482e-14,
    "MaxPool2DWithIndicesBackward04": 2.563520594802207e-13,
    "ReluBackward016": 6.388055163834839e-12,
    "AddBackward014": 5.421462085687668e-14,
    "ReshapeAliasBackward015": 4.4805128303262305e-15,
    "AccumulateGrad34": 1.3453552318411567e-14,
    "CudnnConvolutionBackward014": 4.1458770769117444e-11,
    "AccumulateGrad35": 7.860544345148542e-13,
    "ReluBackward017": 2.0791101256541384e-12,
    "AddBackward015": 7.807010116503421e-14,
    "ReshapeAliasBackward016": 1.0180833959075665e-14,
    "AccumulateGrad36": 2.837345511536374e-14,
    "CudnnConvolutionBackward015": 1.9728413127009166e-10,
    "AccumulateGrad37": 1.7501310242609008e-14,
    "optimizer_zero": 1.5593451114305794e-11,
    "optimizer_step": 2.592057757723563e-12
}