{
    "x": 0,
    "features_0": 1.9327106049740144e-12,
    "features_1": 1.267444537723147e-13,
    "features_2": 1.0763815846937756e-12,
    "features_3": 2.6261370443710075e-13,
    "features_4": 3.5127995212094404e-14,
    "features_5": 2.365366953682984e-13,
    "features_6": 1.1472786175942272e-13,
    "features_7": 1.0973354427272312e-13,
    "features_8": 1.4111875573262142e-13,
    "features_9": 1.9858035517610755e-14,
    "features_10": 9.366507467908642e-13,
    "features_11": 1.6940355105558681e-13,
    "features_12": 4.35571063050165e-13,
    "features_13": 6.946887089556187e-14,
    "features_14": 3.0013209031799854e-09,
    "features_15": 1.5599057459690473e-13,
    "features_16": 4.637739609123122e-14,
    "features_17": 1.0453370943375518e-14,
    "features_18": 1.201078156203017e-13,
    "features_19": 3.845552675938151e-13,
    "features_20": 2.267307413865438e-14,
    "features_21": 6.835079551501844e-13,
    "features_22": 7.700213722401129e-14,
    "features_23": 1.2719480723126682e-13,
    "features_24": 2.2405659223572945e-14,
    "features_25": 1.1709534321444232e-13,
    "features_26": 1.093424973502323e-13,
    "features_27": 2.4902580654040734e-13,
    "features_28": 2.2726048346248701e-13,
    "features_29": 1.2533783996034227e-13,
    "features_30": 9.684807850162454e-13,
    "features_31": 6.092347717349782e-14,
    "features_32": 2.0764429287329146e-13,
    "features_33": 4.232099417547825e-14,
    "features_34": 9.448804472135183e-13,
    "features_35": 4.7478900883557087e-14,
    "features_36": 1.50758854857401e-12,
    "avgpool": 3.048758394721442e-14,
    "flatten": 9.631384367348242e-15,
    "classifier_0": 1.1136208050003574e-13,
    "classifier_1": 9.885566386205574e-14,
    "classifier_2": 6.229925742764955e-13,
    "classifier_3": 7.381072486610345e-14,
    "classifier_4": 4.6532352163076656e-14,
    "classifier_5": 7.564962735829695e-13,
    "classifier_6": 3.957114348110587e-14,
    "output": 7.031580640014593e-15,
    "AddmmBackward00": 1.25985211149658e-12,
    "AccumulateGrad0": 1.1929286958213198e-14,
    "TBackward00": 1.008365138892471e-14,
    "AccumulateGrad1": 2.8626980614569055e-15,
    "FusedDropoutBackward00": 1.9195915744538856e-14,
    "ReluBackward00": 1.460690590915836e-12,
    "AddmmBackward01": 1.435896471440202e-13,
    "AccumulateGrad2": 3.7925323878541464e-14,
    "TBackward01": 1.1073523879540774e-14,
    "AccumulateGrad3": 1.0434754677077913e-14,
    "FusedDropoutBackward01": 4.899999465424534e-14,
    "ReluBackward01": 1.5134363949781753e-14,
    "AddmmBackward02": 8.818026193404498e-13,
    "AccumulateGrad4": 6.342980570579922e-14,
    "TBackward02": 5.967584282631777e-15,
    "AccumulateGrad5": 4.596868093424342e-13,
    "ReshapeAliasBackward00": 8.031886868922408e-15,
    "AdaptiveAvgPool2DBackward00": 2.006889270110383e-14,
    "MaxPool2DWithIndicesBackward00": 1.8855899914377305e-15,
    "ReluBackward02": 9.876505389623623e-13,
    "AddBackward00": 6.209621846667985e-15,
    "ReshapeAliasBackward01": 3.683868883769606e-15,
    "AccumulateGrad6": 7.354976626653895e-15,
    "CudnnConvolutionBackward00": 3.073356681453608e-14,
    "AccumulateGrad7": 1.232611308485919e-14,
    "ReluBackward03": 6.992784522545821e-13,
    "AddBackward01": 9.421207656243671e-15,
    "ReshapeAliasBackward02": 9.972171661565625e-15,
    "AccumulateGrad8": 1.5760481320622328e-13,
    "CudnnConvolutionBackward01": 6.822336346844118e-13,
    "AccumulateGrad9": 1.941819155557717e-15,
    "ReluBackward04": 2.2891379276076396e-15,
    "AddBackward02": 2.2706578452344126e-14,
    "ReshapeAliasBackward03": 4.641932942629073e-15,
    "AccumulateGrad10": 5.4458299767476753e-14,
    "CudnnConvolutionBackward02": 1.7294685919922588e-14,
    "AccumulateGrad11": 1.0039262634100112e-14,
    "ReluBackward05": 1.0188629101645295e-14,
    "AddBackward03": 8.727409745411252e-15,
    "ReshapeAliasBackward04": 1.4360659254634975e-14,
    "AccumulateGrad12": 1.512442533951712e-14,
    "CudnnConvolutionBackward03": 5.688218835840294e-14,
    "AccumulateGrad13": 6.040910827120881e-15,
    "MaxPool2DWithIndicesBackward01": 3.008760902640899e-14,
    "ReluBackward06": 2.861561134532772e-14,
    "AddBackward04": 4.304352745542958e-15,
    "ReshapeAliasBackward05": 1.1272262772721655e-14,
    "AccumulateGrad14": 9.222709076474324e-15,
    "CudnnConvolutionBackward04": 9.665587430364616e-14,
    "AccumulateGrad15": 7.297292788479085e-15,
    "ReluBackward07": 1.1061238418806109e-13,
    "AddBackward05": 9.174103553113815e-14,
    "ReshapeAliasBackward06": 1.2086208580177129e-14,
    "AccumulateGrad16": 1.045418233642896e-12,
    "CudnnConvolutionBackward05": 1.7238438438206898e-13,
    "AccumulateGrad17": 4.176771287774799e-15,
    "ReluBackward08": 1.8897643107480823e-14,
    "AddBackward06": 5.458160724607087e-15,
    "ReshapeAliasBackward07": 3.271942802416869e-15,
    "AccumulateGrad18": 5.889261653216695e-15,
    "CudnnConvolutionBackward06": 1.8735700911174347e-13,
    "AccumulateGrad19": 8.583399073967824e-15,
    "ReluBackward09": 4.030899171305475e-14,
    "AddBackward07": 5.91045021627358e-15,
    "ReshapeAliasBackward08": 9.43764956050537e-14,
    "AccumulateGrad20": 9.676527076363586e-15,
    "CudnnConvolutionBackward07": 4.090048850817485e-14,
    "AccumulateGrad21": 8.718549436548782e-14,
    "MaxPool2DWithIndicesBackward02": 1.0048227034502658e-14,
    "ReluBackward010": 9.974676092689914e-14,
    "AddBackward08": 5.495948287399452e-15,
    "ReshapeAliasBackward09": 3.7094764380411064e-15,
    "AccumulateGrad22": 1.4527783625617813e-14,
    "CudnnConvolutionBackward08": 4.577679335311495e-14,
    "AccumulateGrad23": 1.0528430693457559e-14,
    "ReluBackward011": 6.450572357079991e-14,
    "AddBackward09": 4.4202640679669175e-15,
    "ReshapeAliasBackward010": 2.7546749332540285e-15,
    "AccumulateGrad24": 4.180615353682401e-15,
    "CudnnConvolutionBackward09": 5.865960859467809e-12,
    "AccumulateGrad25": 2.3721013570282902e-14,
    "ReluBackward012": 2.0561720539104614e-14,
    "AddBackward010": 6.066892729297488e-15,
    "ReshapeAliasBackward011": 6.4234390376172175e-15,
    "AccumulateGrad26": 9.802263167281966e-13,
    "CudnnConvolutionBackward010": 3.50102686654842e-11,
    "AccumulateGrad27": 1.3400056671913908e-14,
    "ReluBackward013": 1.0671641909455569e-13,
    "AddBackward011": 8.251183427916003e-15,
    "ReshapeAliasBackward012": 2.055083452587661e-15,
    "AccumulateGrad28": 5.622885918812534e-15,
    "CudnnConvolutionBackward011": 3.567022811916095e-12,
    "AccumulateGrad29": 2.7241556802221413e-14,
    "MaxPool2DWithIndicesBackward03": 1.0725986493247391e-11,
    "ReluBackward014": 1.2928339884646193e-13,
    "AddBackward012": 5.888896629450274e-15,
    "ReshapeAliasBackward013": 7.173510835909239e-15,
    "AccumulateGrad30": 1.664603559701529e-14,
    "CudnnConvolutionBackward012": 2.0437932603229554e-11,
    "AccumulateGrad31": 2.3753255222122573e-14,
    "ReluBackward015": 4.255207086212645e-13,
    "AddBackward013": 7.248099608567552e-15,
    "ReshapeAliasBackward014": 4.433201229074937e-15,
    "AccumulateGrad32": 1.6540333881188972e-14,
    "CudnnConvolutionBackward013": 1.0955506773578823e-12,
    "AccumulateGrad33": 1.6150847261149624e-14,
    "MaxPool2DWithIndicesBackward04": 2.424812298651088e-14,
    "ReluBackward016": 2.37037727689399e-13,
    "AddBackward014": 7.285919290849277e-15,
    "ReshapeAliasBackward015": 6.1078126334813265e-15,
    "AccumulateGrad34": 1.1750238287791882e-14,
    "CudnnConvolutionBackward014": 8.203598499297026e-13,
    "AccumulateGrad35": 3.4751039854974756e-14,
    "ReluBackward017": 4.395491097291225e-14,
    "AddBackward015": 5.7567137363469245e-15,
    "ReshapeAliasBackward016": 8.706708314390465e-15,
    "AccumulateGrad36": 9.366660604689242e-15,
    "CudnnConvolutionBackward015": 8.974740300969965e-13,
    "AccumulateGrad37": 8.923290762980623e-15,
    "optimizer_zero": 4.668158583482924e-13,
    "optimizer_step": 1.5411803092676026e-12
}