{
    "x": 0,
    "features_0": 0.005827542040497065,
    "features_1": 0.0024000816978514195,
    "features_2": 0.010621573061216623,
    "features_3": 0.0023996083997189998,
    "features_4": 0.002133272858336568,
    "features_5": 0.003947042999789119,
    "features_6": 0.0012025760184042156,
    "features_7": 0.006235369939822703,
    "features_8": 0.0012026501214131712,
    "features_9": 0.001058822760824114,
    "features_10": 0.002840495358686894,
    "features_11": 0.0006042540795169771,
    "features_12": 0.004835593299940229,
    "features_13": 0.0006042340374551714,
    "features_14": 0.004858896657824517,
    "features_15": 0.0006039583426900208,
    "features_16": 0.0048151177796535195,
    "features_17": 0.000604299136903137,
    "features_18": 0.000541777282487601,
    "features_19": 0.0023057274194434284,
    "features_20": 0.00030556019861251117,
    "features_21": 0.004117021302226931,
    "features_22": 0.0003060963982716203,
    "features_23": 0.004112070158589632,
    "features_24": 0.0003059742203913629,
    "features_25": 0.004122198598925024,
    "features_26": 0.0003060837625525892,
    "features_27": 0.0002732681180350483,
    "features_28": 0.001126803238876164,
    "features_29": 8.146801730617882e-05,
    "features_30": 0.0011164285615086556,
    "features_31": 8.173493901267648e-05,
    "features_32": 0.0011129881022498012,
    "features_33": 8.180744014680385e-05,
    "features_34": 0.0011127814976498484,
    "features_35": 8.172635920345783e-05,
    "features_36": 7.493817945942282e-05,
    "avgpool": 0.00030347142135724427,
    "flatten": 3.904181066900491e-06,
    "classifier_0": 0.00043178026098757984,
    "classifier_1": 1.706001814454794e-05,
    "classifier_2": 2.39117001183331e-05,
    "classifier_3": 9.490185882896185e-05,
    "classifier_4": 1.6806977801024913e-05,
    "classifier_5": 2.390687819570303e-05,
    "classifier_6": 5.28336176648736e-05,
    "output": 1.0497611947357656e-06,
    "AddmmBackward00": 6.339145824313164e-05,
    "AccumulateGrad0": 6.470361258834601e-06,
    "TBackward00": 2.525558229535818e-06,
    "AccumulateGrad1": 1.6106818802654742e-05,
    "FusedDropoutBackward00": 9.123759809881449e-06,
    "ReluBackward00": 8.9391996152699e-06,
    "AddmmBackward01": 0.00016053758095949886,
    "AccumulateGrad2": 6.979517638683319e-06,
    "TBackward01": 2.5726202875375747e-06,
    "AccumulateGrad3": 0.00010384123539552092,
    "FusedDropoutBackward01": 9.13575990125537e-06,
    "ReluBackward01": 8.859841618686913e-06,
    "AddmmBackward02": 0.0007035457785241307,
    "AccumulateGrad4": 6.469979416579008e-06,
    "TBackward02": 2.503299620002508e-06,
    "AccumulateGrad5": 0.0006050842558033764,
    "ReshapeAliasBackward00": 2.513520885258913e-06,
    "AdaptiveAvgPool2DBackward00": 0.00023779429960995912,
    "MaxPool2DWithIndicesBackward00": 0.0002684236387722194,
    "ReluBackward02": 0.00011904061771929263,
    "AddBackward00": 1.3657589443027974e-06,
    "ReshapeAliasBackward01": 2.7712178416550157e-06,
    "AccumulateGrad6": 6.507418584078551e-06,
    "CudnnConvolutionBackward00": 0.002338752876967192,
    "AccumulateGrad7": 1.0940940119326114e-05,
    "ReluBackward03": 0.00011897329473868012,
    "AddBackward01": 1.3907975517213345e-06,
    "ReshapeAliasBackward02": 2.4904776364564897e-06,
    "AccumulateGrad8": 6.522259209305049e-06,
    "CudnnConvolutionBackward01": 0.0023828672990202906,
    "AccumulateGrad9": 1.1167579796165228e-05,
    "ReluBackward04": 0.00011910033877938984,
    "AddBackward02": 1.401056069880724e-06,
    "ReshapeAliasBackward03": 2.555397804826498e-06,
    "AccumulateGrad10": 6.561700720340014e-06,
    "CudnnConvolutionBackward02": 0.0023914406169205905,
    "AccumulateGrad11": 1.1292044073343277e-05,
    "ReluBackward05": 0.0001190279587171972,
    "AddBackward03": 1.3910001143813134e-06,
    "ReshapeAliasBackward04": 2.8399401344358923e-06,
    "AccumulateGrad12": 6.500442977994681e-06,
    "CudnnConvolutionBackward03": 0.002380273663438857,
    "AccumulateGrad13": 1.1059560347348451e-05,
    "MaxPool2DWithIndicesBackward01": 0.0009873903822153808,
    "ReluBackward06": 0.00045930917840451,
    "AddBackward04": 1.3790209777653218e-06,
    "ReshapeAliasBackward05": 2.4782842956483363e-06,
    "AccumulateGrad14": 6.4006424508988856e-06,
    "CudnnConvolutionBackward04": 0.008810135840903968,
    "AccumulateGrad15": 1.0976039338856935e-05,
    "ReluBackward07": 0.00045925427693873646,
    "AddBackward05": 1.3791793026030065e-06,
    "ReshapeAliasBackward06": 2.5259610265493393e-06,
    "AccumulateGrad16": 6.4952182583510876e-06,
    "CudnnConvolutionBackward05": 0.009021744378842414,
    "AccumulateGrad17": 1.119161956012249e-05,
    "ReluBackward08": 0.0004589370987378061,
    "AddBackward06": 1.3487576507031917e-06,
    "ReshapeAliasBackward07": 2.473441418260336e-06,
    "AccumulateGrad18": 6.42088009044528e-06,
    "CudnnConvolutionBackward06": 0.009030609622132032,
    "AccumulateGrad19": 1.1297997552901506e-05,
    "ReluBackward09": 0.00045850507682189347,
    "AddBackward07": 1.3519171625375749e-06,
    "ReshapeAliasBackward08": 2.4445983581244944e-06,
    "AccumulateGrad20": 6.335100624710321e-06,
    "CudnnConvolutionBackward07": 0.004833584884181619,
    "AccumulateGrad21": 7.690237835049629e-06,
    "MaxPool2DWithIndicesBackward02": 0.0018804635573178529,
    "ReluBackward010": 0.0009131697425618767,
    "AddBackward08": 1.3695610687136649e-06,
    "ReshapeAliasBackward09": 2.5580194778740407e-06,
    "AccumulateGrad22": 6.498780567198992e-06,
    "CudnnConvolutionBackward08": 0.009722226939629763,
    "AccumulateGrad23": 6.531481631100178e-06,
    "ReluBackward011": 0.0009124656626954674,
    "AddBackward09": 1.429698895663023e-06,
    "ReshapeAliasBackward010": 2.4922937154769897e-06,
    "AccumulateGrad24": 6.495199631899596e-06,
    "CudnnConvolutionBackward09": 0.009866598162334412,
    "AccumulateGrad25": 6.451697554439306e-06,
    "ReluBackward012": 0.000912438181694597,
    "AddBackward010": 1.3631419278681277e-06,
    "ReshapeAliasBackward011": 2.4714204482734204e-06,
    "AccumulateGrad26": 6.405820604413748e-06,
    "CudnnConvolutionBackward010": 0.009901243224740027,
    "AccumulateGrad27": 6.405438762158156e-06,
    "ReluBackward013": 0.0009118678979575634,
    "AddBackward011": 1.4166580513119698e-06,
    "ReshapeAliasBackward012": 2.492298372089863e-06,
    "AccumulateGrad28": 6.481178570538759e-06,
    "CudnnConvolutionBackward011": 0.005573295957874506,
    "AccumulateGrad29": 6.669522263109683e-06,
    "MaxPool2DWithIndicesBackward03": 0.0036780612822622056,
    "ReluBackward014": 0.0018199208192527295,
    "AddBackward012": 1.387004740536213e-06,
    "ReshapeAliasBackward013": 2.6227417401969433e-06,
    "AccumulateGrad30": 6.583759095519781e-06,
    "CudnnConvolutionBackward012": 0.011762537939939647,
    "AccumulateGrad31": 6.484780460596085e-06,
    "ReluBackward015": 0.001820162304211408,
    "AddBackward013": 1.3835984282195569e-06,
    "ReshapeAliasBackward014": 2.477040980011225e-06,
    "AccumulateGrad32": 6.52445713058114e-06,
    "CudnnConvolutionBackward013": 0.008472826580982655,
    "AccumulateGrad33": 6.698998622596264e-06,
    "MaxPool2DWithIndicesBackward04": 0.007322458261623979,
    "ReluBackward016": 0.003631841260939837,
    "AddBackward014": 1.350715756416321e-06,
    "ReshapeAliasBackward015": 2.697680611163378e-06,
    "AccumulateGrad34": 6.456298287957908e-06,
    "CudnnConvolutionBackward014": 0.021967866639606655,
    "AccumulateGrad35": 6.341079715639353e-06,
    "ReluBackward017": 0.0036334234010428194,
    "AddBackward015": 1.4475220814347266e-06,
    "ReshapeAliasBackward016": 3.213479649275541e-06,
    "AccumulateGrad36": 7.5778621248900895e-06,
    "CudnnConvolutionBackward015": 0.002546472977846861,
    "AccumulateGrad37": 6.64709834381938e-06,
    "optimizer_zero": 0.0005269662966020406,
    "optimizer_step": 0.001404411478433758
}