{
    "x": 0,
    "features_0": 3.593143307575094e-13,
    "features_1": 1.7953073753920312e-12,
    "features_2": 1.2540671619860541e-11,
    "features_3": 1.3357442745203647e-12,
    "features_4": 3.5626393523648103e-13,
    "features_5": 1.3451116485646423e-09,
    "features_6": 7.248624151812763e-13,
    "features_7": 2.2117064172955195e-09,
    "features_8": 5.896742229975858e-13,
    "features_9": 1.0157951338255791e-13,
    "features_10": 2.7764144622793995e-09,
    "features_11": 7.146799905891933e-13,
    "features_12": 1.7063278029988024e-09,
    "features_13": 3.1271662595034644e-13,
    "features_14": 3.095952216452657e-09,
    "features_15": 3.1653239499439785e-13,
    "features_16": 4.185441378858052e-09,
    "features_17": 1.9893066965297018e-13,
    "features_18": 9.750317840986379e-14,
    "features_19": 3.2885579213880706e-09,
    "features_20": 3.188797434927008e-13,
    "features_21": 2.4351303127266056e-12,
    "features_22": 1.8050031421238367e-13,
    "features_23": 3.0799503600040876e-10,
    "features_24": 3.699905276903156e-13,
    "features_25": 4.817579483758129e-10,
    "features_26": 1.2736020395319284e-13,
    "features_27": 4.943249194851694e-13,
    "features_28": 1.0221255268685676e-11,
    "features_29": 8.150147895978622e-14,
    "features_30": 4.718473599498287e-12,
    "features_31": 1.1168848634032606e-13,
    "features_32": 7.85879878967971e-15,
    "features_33": 2.7749401160150763e-13,
    "features_34": 1.3974400282779074e-13,
    "features_35": 7.777305579062532e-14,
    "features_36": 8.268459818195315e-14,
    "avgpool": 2.0066439368427932e-14,
    "flatten": 8.056007854621677e-14,
    "classifier_0": 6.025165663701288e-13,
    "classifier_1": 1.2783283839833734e-12,
    "classifier_2": 1.7313406250655215e-13,
    "classifier_3": 9.710671375622211e-14,
    "classifier_4": 2.9268733578815574e-12,
    "classifier_5": 7.206790792932926e-14,
    "classifier_6": 2.0152944836743843e-12,
    "output": 1.27850105990316e-14,
    "AddmmBackward00": 5.998929562193825e-14,
    "AccumulateGrad0": 1.5497377740900793e-14,
    "TBackward00": 7.707294736236312e-15,
    "AccumulateGrad1": 7.117360140921485e-15,
    "FusedDropoutBackward00": 2.6965642311313836e-14,
    "ReluBackward00": 2.8047371906534877e-14,
    "AddmmBackward01": 9.996353129483083e-14,
    "AccumulateGrad2": 1.8518085137953898e-12,
    "TBackward01": 1.2065217206390366e-14,
    "AccumulateGrad3": 2.317208303221404e-13,
    "FusedDropoutBackward01": 2.9394430466067605e-14,
    "ReluBackward01": 5.801298921500123e-15,
    "AddmmBackward02": 1.106161199611452e-12,
    "AccumulateGrad4": 2.709668034113315e-14,
    "TBackward02": 1.120604672423531e-14,
    "AccumulateGrad5": 3.83401532961028e-13,
    "ReshapeAliasBackward00": 6.729715444847921e-15,
    "AdaptiveAvgPool2DBackward00": 5.615894649812179e-14,
    "MaxPool2DWithIndicesBackward00": 2.5186742204667476e-14,
    "ReluBackward02": 1.9234298588534023e-14,
    "AddBackward00": 8.212874065723074e-15,
    "ReshapeAliasBackward01": 9.461786518399992e-13,
    "AccumulateGrad6": 7.200798063291408e-14,
    "CudnnConvolutionBackward00": 2.5842005626857365e-13,
    "AccumulateGrad7": 4.020424883852472e-14,
    "ReluBackward03": 6.553574054420607e-14,
    "AddBackward01": 5.985184488863441e-15,
    "ReshapeAliasBackward02": 7.662864835939267e-15,
    "AccumulateGrad8": 2.4243943902131984e-14,
    "CudnnConvolutionBackward01": 1.5996549007535777e-09,
    "AccumulateGrad9": 4.832586614949078e-15,
    "ReluBackward04": 1.8666260694793528e-13,
    "AddBackward02": 8.171637791345303e-15,
    "ReshapeAliasBackward03": 1.82991335029737e-14,
    "AccumulateGrad10": 2.1227250019588765e-14,
    "CudnnConvolutionBackward02": 2.0976358718193956e-10,
    "AccumulateGrad11": 3.913491825253187e-13,
    "ReluBackward05": 1.1965961999472335e-13,
    "AddBackward03": 1.1625905181047655e-14,
    "ReshapeAliasBackward04": 1.0395427244979262e-12,
    "AccumulateGrad12": 9.901332602120853e-15,
    "CudnnConvolutionBackward03": 1.4843584781898963e-10,
    "AccumulateGrad13": 2.2665608268284535e-15,
    "MaxPool2DWithIndicesBackward01": 5.1608553129400867e-11,
    "ReluBackward06": 2.0930587449861925e-13,
    "AddBackward04": 7.745442470990377e-15,
    "ReshapeAliasBackward05": 5.736319215856115e-15,
    "AccumulateGrad14": 2.7194528502997792e-14,
    "CudnnConvolutionBackward04": 6.261146842438898e-10,
    "AccumulateGrad15": 1.3858752741322672e-15,
    "ReluBackward07": 5.097627411875839e-14,
    "AddBackward05": 8.92093075300672e-15,
    "ReshapeAliasBackward06": 1.0321201711219543e-14,
    "AccumulateGrad16": 4.455980194746113e-14,
    "CudnnConvolutionBackward05": 3.189012158083174e-09,
    "AccumulateGrad17": 6.845798125425239e-15,
    "ReluBackward08": 1.6084280535602102e-13,
    "AddBackward06": 5.84326784549595e-15,
    "ReshapeAliasBackward07": 8.950243839253232e-15,
    "AccumulateGrad18": 1.6678430094256222e-14,
    "CudnnConvolutionBackward06": 1.8301144622999097e-09,
    "AccumulateGrad19": 1.660487150339715e-15,
    "ReluBackward09": 5.732944330307139e-14,
    "AddBackward07": 1.6622882595147134e-14,
    "ReshapeAliasBackward08": 4.7881176833738246e-15,
    "AccumulateGrad20": 9.10018384974766e-15,
    "CudnnConvolutionBackward07": 8.441230270725594e-10,
    "AccumulateGrad21": 6.1160932275736845e-15,
    "MaxPool2DWithIndicesBackward02": 1.7864974242572605e-10,
    "ReluBackward010": 5.510909215674774e-13,
    "AddBackward08": 8.511176464130743e-15,
    "ReshapeAliasBackward09": 1.9494724492466128e-14,
    "AccumulateGrad22": 2.5463557044164144e-14,
    "CudnnConvolutionBackward08": 4.4705511873194353e-10,
    "AccumulateGrad23": 5.489428790000917e-14,
    "ReluBackward011": 1.7686689631857095e-13,
    "AddBackward09": 1.774470455013881e-14,
    "ReshapeAliasBackward010": 9.334978075909925e-15,
    "AccumulateGrad24": 1.4641508301995248e-14,
    "CudnnConvolutionBackward09": 3.0981522679120548e-09,
    "AccumulateGrad25": 2.3623354330646814e-14,
    "ReluBackward012": 1.133896149039691e-12,
    "AddBackward010": 1.3390576624958127e-14,
    "ReshapeAliasBackward011": 2.3399153112075436e-14,
    "AccumulateGrad26": 1.52736450331932e-14,
    "CudnnConvolutionBackward010": 2.281188059088078e-13,
    "AccumulateGrad27": 4.3974288999656245e-14,
    "ReluBackward013": 5.134410468131661e-13,
    "AddBackward011": 4.1765528887996795e-14,
    "ReshapeAliasBackward012": 1.064131102028812e-14,
    "AccumulateGrad28": 2.0573655761879987e-14,
    "CudnnConvolutionBackward011": 1.8971067092263063e-10,
    "AccumulateGrad29": 3.6088928403294434e-13,
    "MaxPool2DWithIndicesBackward03": 5.650248780082148e-10,
    "ReluBackward014": 6.920850866140236e-13,
    "AddBackward012": 1.0397431803336672e-14,
    "ReshapeAliasBackward013": 1.6275031878274815e-13,
    "AccumulateGrad30": 1.8074305425811245e-14,
    "CudnnConvolutionBackward012": 2.009579744437082e-09,
    "AccumulateGrad31": 5.91175874800707e-14,
    "ReluBackward015": 1.64689997270563e-12,
    "AddBackward013": 7.391450380358696e-15,
    "ReshapeAliasBackward014": 6.590782390333838e-15,
    "AccumulateGrad32": 1.6120122624989698e-14,
    "CudnnConvolutionBackward013": 5.838753473573879e-12,
    "AccumulateGrad33": 8.398851615543882e-13,
    "MaxPool2DWithIndicesBackward04": 1.635357722992118e-13,
    "ReluBackward016": 1.7723348970345112e-12,
    "AddBackward014": 2.1985267149556355e-14,
    "ReshapeAliasBackward015": 7.483347298222702e-13,
    "AccumulateGrad34": 2.1737976192313588e-14,
    "CudnnConvolutionBackward014": 9.911019301989728e-11,
    "AccumulateGrad35": 3.5657703813295543e-14,
    "ReluBackward017": 8.161783882478044e-13,
    "AddBackward015": 7.640220370968599e-14,
    "ReshapeAliasBackward016": 4.094826262790451e-12,
    "AccumulateGrad36": 2.498830904375986e-12,
    "CudnnConvolutionBackward015": 4.4387963217204253e-11,
    "AccumulateGrad37": 1.1097893329954558e-12,
    "optimizer_zero": 4.509386260936627e-13,
    "optimizer_step": 9.6092267235187e-13
}